M5mKER,Amy Cook,346132,MNydtF1zXFRJ
7LxW0I,Benjamin Padilla,258905,MNaXsKNLj8pC
WdACBx,Joel Hubbard,240442,MNtaXYGlZYDI
WeOSFu,Kayla Sparks,166652,MN3BZ0p4VPbg
YlnVv5,Danny Webb,491969,MN3nanfQadhI
88Y2o6,Kevin Sellers,444938,MNROgGIwzan8
4tSHO9,Danielle Moreno,255396,MNhToUYkADgp
wWXBHa,Gary Nelson,150149,MNJ9GEbLxlJR
JIjpMk,Anna Carter,187133,MNQp6URIOF0J
c5oZKx,Kathryn Anderson,413739,MNcozRfWxYxq
0vlb1P,Riley Hobbs,434698,MNQITjEUhyUW
NHNBsB,Robin Kent,483877,MNdK3s1gd2Yo
VbOj1H,Kathy Smith,281098,MNx52Ivhasga
SyqGHU,Alejandro Anderson,285852,MNPAuGY9iiLE
10omam,Jenny Wilson,234913,MNPmWCBr7ZDp
yqdKIJ,Amber Coleman,365069,MNLrEOUxR43v
gwJUKM,Kelly Walton,424950,MNlYUYqsNjez
h4UkqA,Nicole Williams,417487,MN3JmsIWKkQO
8M84BC,Veronica Serrano,204392,MNHHZHx9KAV0
S0Mize,Angela Torres,205210,MNYwEaqPufap
oc3Suh,Donna White,183460,MNcydNEKNkkM
QLrOcz,Amanda Terrell,250501,MNnjaIVP2TJb
6oL1uo,Robert Johnson,336481,MN1Ue8i5fI9l
EgiEDU,Ronald Diaz,483102,MNciXPjLPCFE
wx4d5t,Brianna Hoover,456527,MNwxOHznvkaC
hZT1Kh,Mark Jones,355629,MNmPOkARzgg7
nNZRLJ,Kimberly West,424754,MNu1ZiiG8dCL
GlPTU9,Kimberly Jones,445076,MN5SZIRDBXJS
8eskmi,Nicholas Weaver,292369,MNTYsHSiXUnf
LYVj6s,Ariel Thompson,489726,MNCjh1V4rJCn
sXQOlr,Gregory Mckinney,415192,MNxNxrYsuzoo
GTs6Wi,Alexander Butler,227569,MNK6sw6wsBrK
4C1Jqg,Michelle Brown,333592,MNUR3xFPW0XP
Xr6PtI,Molly Wells,276784,MNu0Hw2sqUWL
x1nJzy,Tracy Anderson,250685,MNSBAyYeE39a
hleJId,Rachel Williams,386227,MNrXL7eszx5Y
xEnHuu,Alexandra Hunt,447745,MNCKHDdsaDWw
eNknNh,Jennifer Edwards,312659,MNbH6i8cosRT
RSA8Yb,Christina Carey,474372,MNjfAVxPpkXc
g54Ooe,Angela Meyer MD,460577,MNkbK7CUXggL
ShwxYZ,Maria Hernandez,460513,MNXA58FZpO1h
lKO7po,Kristen Price,489128,MNfHiFvzO5Qg
2iMPYo,William Stone,300581,MNWafj1WWBZ5
zw9Bqs,Rachel Diaz,322192,MNGNLleIXXd1
Lnvxms,Steven Benson,465987,MNeceMIIn7FJ
vfXEy8,Allison Young,152275,MN8P1GbbPS7O
rap82k,Larry Irwin,163017,MNDmKncNS9b9
1u1aql,Candice Hall MD,276292,MNjO4cVrcApn
CTFNKd,Kathleen Beck,411863,MNw43wxaSvxS
AwkqYm,Elizabeth Greer,289045,MNEEKejttLUW
4PbsUm,Richard Chung,253408,MNRlW2lqZtLL
o73sXr,Andrea Ward,317955,MNUUoUB7kzGw
kRsT1M,George White,494720,MNVUjxmxdSTk
hRexgI,Brandy Gray,335245,MNLXGugd9zI0
iQvwJy,Timothy Washington,207926,MNkyQz7JugER
vDFObv,Robert Kennedy,355452,MNkgo2wz7XUw
e6MZzo,Jody James,415415,MN8tEQkBIMK1
zyh1Xe,Jason Sanchez,157120,MNvS4cZin7af
2PDVFo,Jeremy Fernandez,444883,MNEy9GVCKbQ8
Fvcn9y,Jennifer Holder,497530,MNBaX3eaxpgK
C5bYTu,David Hernandez,442568,MNEVOmMvQAQM
kVmjqS,Gregory Gomez,175787,MN5bwn2JoUfI
b2kBQV,Crystal Johnson,431002,MNDm07Nent0p
sDp3i0,Emily Frederick,206625,MNwG8ACx2byC
moUQlQ,Sandra Macias,155350,MNlVZAGVrphK
Rfgikn,Brittany French,181607,MNMQbfWg03Y7
QrMN2m,Donald Luna,295114,MNB1QnEiulJd
W2TEzx,Charles Cox,319451,MNTEpVGSzkQy
ThLjWy,Caitlin Romero,437850,MNYJm6RjeJJk
YdR9Pv,Sandra Johnson,473670,MN2AIojglHLX
gFYsxj,Manuel Gomez,251832,MNVk5uVfJ0yB
A8VM6V,Timothy Holmes,313714,MNAEdFfAauBi
1mbJkd,Lisa Lowery,278712,MNgAF1xSGldC
FZPN2R,Sydney Martinez,285418,MNTbSd6TdFv5
o3IP3M,Peter Bernard,358736,MNrE8A6wOrOA
mrStj8,Shaun Padilla,375588,MNN71h7fa4N1
LrrYFB,Gregory Gomez,212092,MNAZrXV6vMPi
SmuNiK,Misty Contreras,318027,MNBnzuXVMTu7
BO17pD,Sherry Patrick,256858,MNgUgJnjExWy
Ug8cdQ,David Bentley,442185,MNMdPvTIyGlx
CVHXEz,Julian Bishop IV,186116,MNzztz17q0Sq
GH9QFI,Ashley Johnson,218195,MNQ8585W6E2o
ZwxjPj,Sheryl Miller,211201,MNSi44bIbHbs
UvsxOn,Brianna Hunter,401216,MNVD0Rqd6ULd
slbj1p,Kathleen Barajas,318044,MNspbI9cOKiB
z4vpR7,Brooke Mathews,351352,MNlQ5WwaQMTL
sNaaz0,Kevin Chen,470445,MNKcVvncakeT
AUOtqS,Michael Jimenez,151655,MNMwfUfUnwiD
g240Lc,Victor Campos,397725,MN4j7VeXuLy5
OlgLk6,Jason Roberts Jr.,497139,MNmyv3xW1Gqy
GfaUTY,Matthew Ruiz,420146,MN8e59vZoLO8
mTGM1i,Christopher Hayden,436748,MN3MmIPqRGFN
ZT6KGq,Johnathan Klein,265529,MN9pbRLtZBqC
rmxAY1,Mark Clark,411844,MNOit7znC6cW
7A9oTy,Joseph Sherman,295464,MNtm3fkQfHPo
1ZkBQx,Gary Harrell,228321,MN2wTWKm6dm9
w6HmFw,Ryan Garrett,450135,MN0zkqaKQko1
CBWDOs,Kelly Nunez,475936,MN9AEP6dNgKQ
ExKr85,Richard White,160664,MNKpVfCJsfii
ai60Hx,Cameron Garcia,435191,MNvKxSRjESdI
