1,Jordan Nelson,1975-10-29,"892 Casey Plaza
Lake Elizabeth, MN 87577", 67.9, f3gYza
2,Jeremy Murphy,2011-09-03,"463 Robinson Heights
Franklinburgh, NC 22267", 59.8, w1SvXk
3,Vicki Romero,1990-07-08,"2513 Christopher Heights
Kimberlytown, WV 39669", 68.3, kUk2nR
4,Travis Williams,1970-05-08,"560 Thompson Branch
North Toddshire, SD 31079", 64.2, vRpqIZ
5,Sean Davis,1985-10-08,"Unit 1937 Box 1117
DPO AE 88820", 66.4, hYYx5S
6,Alyssa Ward,1981-11-26,"8775 Jesse Square
Port Markstad, IA 01228", 74.8, Gyxk3J
7,Kristine Spencer,2009-04-22,"97243 Steven Walk Apt. 667
Jacobview, IL 51384", 64.8, ycgP1l
8,Dana Pierce,1997-09-19,"1921 Cynthia Lane Apt. 099
East Tracy, MD 14933", 61.9, trxveH
9,Austin Abbott,1976-01-16,"Unit 8467 Box 7862
DPO AE 84495", 58.9, Qm8nLN
10,Sarah Leon,2021-04-05,"86386 David Square Apt. 391
Christophermouth, WI 02038", 58.7, fDQmdG
11,Michael Black,2017-05-13,"222 Hudson Coves
East George, KY 18427", 70.4, CYTyRl
12,Brandon Morales,1982-10-12,"9199 Brandon Stream
Lake Natashafurt, MO 36298", 60.0, cc2fja
13,Mrs. Sarah Bennett,2001-03-27,"8898 Turner Fall
Port Patricia, VA 75975", 69.4, aRDyIr
14,Kimberly Garza,1976-08-09,"327 Kelly Bypass
Lake Michael, IA 68318", 50.3, 3LLlH1
15,Erin Thompson,2017-06-22,"PSC 8171, Box 8772
APO AP 94767", 52.8, Ru5io7
16,Robert Shaw,1970-12-03,"385 Morris Tunnel Suite 278
Aaronhaven, NC 94822", 63.9, mqWXp2
17,Cynthia Frey MD,1979-11-24,"0329 Hinton Courts
Valerieview, OH 55716", 39.0, 9EABOX
18,Alexa Lopez,2004-05-09,"22400 Davis Trail Apt. 533
Jackmouth, AR 50166", 63.7, Vj8Xqw
19,Susan Holmes DVM,1997-05-01,"404 Shannon Station
Lake Daniel, ND 35334", 54.5, IiUFlj
20,Matthew Cabrera,1997-01-03,"4621 Bell Haven
Smithhaven, OK 53078", 56.3, IQ1uDW
21,David Elliott,1990-02-12,"12194 Rodriguez Haven
East Wesleyville, WA 41541", 79.6, CYTyRl
22,Elizabeth Wright,1976-11-29,"3220 Rebecca Ports Apt. 208
New Davidview, WY 68314", 57.2, lOxcLg
23,Andre Thomas,2013-06-16,"1248 Glenda Street Suite 300
Snydershire, MS 32685", 62.3, fDQmdG
24,Henry Fleming,2013-01-25,"96412 Morgan Green Suite 414
North Timothyfort, OR 57811", 68.0, KdtstA
25,Stephanie Combs,1971-01-20,"40484 Gonzalez Canyon
Port Pamela, WY 61959", 60.0, mX35xB
26,Andrew Perez,2014-10-21,"48962 Waller Summit Apt. 609
Jordantown, RI 98446", 61.8, EO5LDb
27,Jason Martin,1981-06-06,"46148 Eugene Ford
West Jeffreymouth, MT 51824", 66.5, Qm8nLN
28,Robert Long,1988-01-11,"22181 Clark Spring
Hunterchester, GA 71318", 53.8, w1SvXk
29,Andrea Perez,1987-07-28,"769 Gloria Mills
Lake Adam, KS 25089", 61.6, Pfob88
30,Tyler Reese,2007-06-17,"5280 Abigail Island Apt. 806
Gibbsshire, PA 79188", 68.2, LoAgyI
31,John Hubbard,1980-08-24,"477 Davis Locks Suite 679
South Emilyfort, MD 66975", 78.0, fmJaVY
32,Jordan Flynn,1984-01-04,"672 Gregory Centers
West Paula, MS 57369", 79.0, KdtstA
33,Lisa Palmer,2002-11-22,"36879 Norman Forges
South Jefferybury, WY 10823", 57.5, w63x4F
34,Kimberly Turner,2001-03-13,"01567 Rocha Flat Suite 276
North Angela, AR 11986", 61.0, fgft04
35,Courtney Contreras,1985-09-16,"10263 Thomas Landing
East Grace, TN 80308", 54.1, f3gYza
36,Margaret Hicks,1974-09-04,"6972 Allen Unions
Brianberg, TN 38856", 68.6, frHJrm
37,Rebecca Porter,2000-04-29,"266 Eddie Cove Suite 488
New Matthew, WA 19363", 54.3, LIO2Ks
38,Dawn Joyce,2013-02-25,"078 Hale Plains Apt. 677
East Brenda, MO 39901", 53.7, f3gYza
39,Tyrone Smith,2007-06-10,"7308 Robert Mill Apt. 162
New Alexis, NC 57996", 65.3, K5W6uN
40,Scott Dennis,1972-07-29,"11041 Brandt Islands Apt. 006
West Kevinville, SD 61197", 53.5, 3GcCoj
41,Melissa Jennings,2010-02-11,"74927 Maldonado Prairie Suite 684
East Jessicamouth, CA 85570", 69.6, 3LLlH1
42,Debbie Fox,2022-03-02,"05582 Juan Expressway
Richardchester, MI 31324", 62.3, nVdtE0
43,Joanna Johnson,2015-06-13,"57075 Acevedo Springs Apt. 405
South Jordan, ID 25615", 71.9, mX35xB
44,Ashley Parker,2010-01-30,"056 Valerie Run
New Jenniferview, IL 84561", 67.2, ptAHRD
45,Steven Smith,1987-04-24,"8385 Gary Fords
Millermouth, CO 73490", 61.7, RPDpSQ
46,Sara Johnston,2009-10-28,"169 Catherine Passage Apt. 901
Leeshire, NY 65192", 47.8, w63x4F
47,Heather Aguilar,2019-08-21,"Unit 3869 Box 0459
DPO AA 67290", 79.3, EKIymu
48,Victor Boyer,1998-01-17,"PSC 1721, Box 2379
APO AE 04060", 57.3, o4bWe3
49,Brian Washington,1981-01-06,"65403 Courtney Village Suite 432
North Joseph, DC 81409", 56.7, MbyAcu
50,Sydney Knight,1996-12-31,"80336 Powers Mission
Lake Timothyport, VA 88758", 66.7, FJO3kE
51,Peter Graham,2000-08-18,"68897 Robbins Inlet
East Ralphside, MO 19501", 64.3, CYTyRl
52,Wesley Dillon,1981-10-29,"4813 Meyer Squares Apt. 338
Ashleymouth, NM 20903", 80.0, s3NLvy
53,Travis Miller,1987-12-12,"1131 Morse Divide
East Crystalburgh, DC 96627", 68.6, hCVgHZ
54,Mark Wall,2014-11-05,"19162 Adam Roads Suite 655
Mclaughlinstad, GA 52733", 80.4, PB5Nl5
55,Courtney Phelps,2008-08-07,"8422 Wade Course Suite 207
New Rossborough, OK 56371", 48.3, OOusMw
56,Gregory Tucker,2001-10-20,"PSC 9260, Box 9194
APO AA 17257", 55.3, Y61Il8
57,Danielle Garcia,1978-10-30,"7407 Parker Union Suite 150
New Maxmouth, DE 51573", 61.3, fgft04
58,Kylie Huerta,2001-06-03,"004 Anderson Ford
Angelaton, AK 92605", 55.9, HYyLfN
59,Andrew Campbell,2015-01-30,"298 Zuniga Underpass Suite 671
Lake Sandra, NJ 65541", 50.5, w5g9fm
60,Melissa Shaw,1983-04-22,"79728 Kimberly Vista
New Dianabury, MD 89562", 41.3, Pfob88
61,Kerry Lyons,1970-10-22,"286 Joseph Overpass
Youngfort, MA 27805", 60.0, Ru5io7
62,Kayla Wood,1979-02-17,"1951 Aguirre Stream
Gabrielletown, ID 76482", 57.2, nVdtE0
63,Tabitha King,1978-08-16,"526 Yvonne Burgs
South Marymouth, UT 43826", 59.5, hYYx5S
64,Rhonda Walker,2022-02-24,"76188 Donald Curve
Rodneystad, MD 91359", 71.6, dS3sLL
65,Julie Sutton,1999-08-02,"590 Reed Grove
Michelleberg, HI 74076", 70.3, Qe5Soo
66,Natalie Richardson,1987-05-04,"767 Williams Ville
Russellfort, NY 71494", 51.9, o4bWe3
67,Nicole Miller,2015-08-25,"01948 David Curve Apt. 293
North Jefferyland, ND 41045", 58.7, Qm8nLN
68,Maxwell Hall,2014-12-06,"156 Sean Ville
South Wendyborough, VA 83516", 65.0, K5W6uN
69,Lynn Cross,1997-06-10,"4446 Jones Lake Suite 069
Kimberlyton, IA 85003", 46.6, UjmykT
70,Laurie Miller,1985-09-29,"329 May Divide
New Stevenmouth, TX 58518", 50.1, bi4bd5
71,Kenneth Dickson,1985-12-30,"6630 Thompson Dam Suite 741
North Debraberg, NE 54012", 54.8, 3LLlH1
72,Paige Figueroa,2018-09-24,"322 Hernandez Port
Silvaville, KS 77586", 59.1, dS3sLL
73,Melissa Jones,1986-06-29,"19900 Pratt Viaduct
Mariamouth, IN 69587", 55.4, MbyAcu
74,Nathan Jackson,2004-06-29,"1444 Estrada Avenue
Port Cynthia, VT 77108", 76.4, fDQmdG
75,Jonathan Bennett,1995-04-30,"4738 Pamela Manor Apt. 166
Amandaburgh, WV 82293", 51.7, 74bdyQ
76,Matthew Jordan,2017-07-16,"1410 Dougherty Mountain
East Kendra, UT 93974", 70.8, lOxcLg
77,Adrian Harris,1987-11-04,"564 Gibson Camp Apt. 031
Jamesburgh, VT 97563", 56.1, Pfob88
78,Richard Roberts,1986-01-26,"7466 Johnson Key Apt. 960
North Paulaborough, DC 59701", 69.3, I2mcAk
79,Jesse Young,1985-03-03,"PSC 5033, Box 8391
APO AE 37319", 87.0, RO6DyO
80,Shirley Lucas,2008-05-11,"161 Adrian Via Apt. 704
Kennethtown, SD 36798", 51.0, nVdtE0
81,Ronald Lynch,1999-02-24,"8774 Anthony Mall
East Lisa, MD 23236", 65.1, OOusMw
82,Melissa Gonzalez,2007-10-28,"Unit 6407 Box 4447
DPO AE 35494", 60.2, FJO3kE
83,Andrea Moore,1977-07-14,"4903 Allison Viaduct Apt. 338
Lake Katrina, HI 66898", 42.9, dIwed5
84,Sarah Jackson,1996-02-16,"4405 Marc Islands Apt. 912
West Geraldland, MS 42576", 71.5, wXjSZM
85,Willie Brooks,2001-05-12,"Unit 0883 Box 2685
DPO AA 11703", 60.8, ycgP1l
86,Ryan Miller,1996-10-02,"474 Nicholas Mountains Apt. 653
Ochoaport, MN 91361", 52.0, pCuxU4
87,John Lewis,2003-09-13,"97302 Brooks Viaduct Apt. 599
Hollyton, NM 52800", 70.0, 4Y1OfL
88,Ashley Alexander,1975-04-08,"54102 Johnny Valley
Alexanderhaven, HI 72063", 64.6, OkrsJQ
89,David Huerta,1973-01-03,"03864 Hanson Roads Suite 859
East Shawn, NJ 41843", 65.2, ptAHRD
90,Mckenzie Hughes,1984-06-12,"65309 Joseph Center
Fernandotown, LA 46613", 46.3, IiUFlj
91,Jonathan Palmer,1978-09-01,"407 Stephanie Springs Suite 381
East Ross, OK 31727", 65.5, 19njNX
92,Mark Johnson,2011-05-08,"9629 Heath Shoals Suite 034
Watkinsmouth, NC 42341", 66.0, LoAgyI
93,William Whitney,2005-02-14,"03108 Washington Well
Gilbertville, IN 70831", 74.7, TJETNP
94,Richard Wright,2016-03-07,"5517 Carol Springs Suite 333
Hartmanside, AZ 89240", 72.5, bi4bd5
95,Carla Robinson,2006-10-08,"64500 Edward Vista
North Devin, NJ 67400", 68.7, H4kMnO
96,Sandra Hester,2005-02-05,"97558 Burke Point Apt. 130
Port Tyler, MN 11641", 66.1, I2mcAk
97,Jeremy Becker,2008-05-01,"Unit 4992 Box 0776
DPO AE 84765", 45.0, ZibEoC
98,Richard Munoz,2017-04-22,"7951 Marcia Green
Trevorhaven, AK 16987", 69.5, H4kMnO
99,Jeffrey Cantrell,1989-04-05,"1372 Katherine Locks
Lake Staceystad, UT 01910", 70.8, Jf5ftL
100,Wendy White,2002-01-02,"3876 Stephens Shore
South Ernest, IL 31454", 82.8, hYYx5S
101,Kathleen Evans MD,2001-03-16,"825 Newman Burg Apt. 713
Adamsport, VT 22042", 51.8, aRDyIr
102,Jason Ballard,2019-11-27,"0165 Brian Plaza
Torresfurt, MA 28831", 56.4, IQ1uDW
103,Jared Scott,2018-11-06,"3555 Susan Spring
Michaelland, ID 36822", 64.0, frHJrm
104,Connor Price,1991-09-05,"Unit 5126 Box 9082
DPO AA 75045", 59.5, 74bdyQ
105,Kirsten Hawkins,2002-06-12,"9544 Brady Drive Suite 184
Lake Brittany, TX 66445", 60.6, Gyxk3J
106,Mark Collins,2000-10-26,"835 Wells Stravenue
West Jessicafurt, LA 52843", 51.4, K5W6uN
107,Gary Martinez,1997-09-16,"Unit 4068 Box 1220
DPO AE 54151", 58.6, BwgeK1
108,Lindsey Waters,2018-03-02,"452 Khan Center
Greenview, DE 95076", 62.4, dS3sLL
109,Veronica Blake,1999-04-29,"5057 Katelyn Lane
Margaretland, OR 44649", 50.5, fgft04
110,Rachel Alexander,1971-02-07,"9876 Marks Garden Apt. 267
Robinsonberg, ND 95803", 66.8, K0w6hD
111,James Miller,1995-03-26,"7310 Chase Inlet
Nielsenside, IN 20384", 59.0, LoAgyI
112,Jacob Patterson,2009-03-19,"21085 Bell Points
South Denise, DC 12268", 71.0, ccQ3Ih
113,Levi Smith,2006-11-22,"666 Felicia Prairie
Port Kelly, MT 82086", 51.9, 98i0fW
114,Mr. Brandon Stevens MD,1973-04-29,"2964 Alejandro Burgs Suite 967
Johnmouth, UT 69537", 71.8, CCJNmf
115,Jeanette Johnson,1997-08-16,"32625 Bruce Island Suite 016
Wagnerton, WV 56634", 87.5, mX35xB
116,Elizabeth Jackson,1978-11-18,"35970 James Drive
Kathrynfort, ND 61054", 56.9, S77oqT
117,Jackson Santos,2012-05-08,"1786 Rodriguez Ports Apt. 438
New Christine, MS 29114", 53.1, vRpqIZ
118,Mary Martinez,1996-11-20,"1666 Beth Mews Apt. 406
Lake James, IL 73266", 47.0, m5ljPe
119,Richard Shields,2008-05-05,"PSC 1298, Box 5878
APO AA 10309", 69.9, aRDyIr
120,Alan Harrison,1999-08-04,"768 Butler Canyon Apt. 647
North David, KS 86262", 55.0, Vj8Xqw
121,Cameron Villa,1972-06-28,"39408 Katie River
Lake Steven, MD 36002", 55.3, 74bdyQ
122,Donna Taylor,1994-04-10,"PSC 8428, Box 7611
APO AA 17301", 52.3, 19njNX
123,William Gould,1983-01-23,"5102 Wells Pass Suite 643
Morgantown, NC 09656", 60.2, D9HCPH
124,Dawn Gonzalez,1996-06-25,"43337 Kevin Club Apt. 871
Curtismouth, FL 27238", 56.7, w63x4F
125,John Stout,1978-05-14,"3739 Horn Mills Suite 019
New Barbara, IA 27694", 62.4, Jf5ftL
126,Kimberly Jones,2018-05-28,"04735 Cohen Rue
East Angelaview, ME 83288", 68.3, bi4bd5
127,Tyler Davis,2009-10-20,"700 Stevenson Mill Apt. 637
South Lauraport, WI 92641", 77.3, HYyLfN
128,Tommy White,2004-12-03,"45671 Edward Key Apt. 110
Sarahstad, CT 20775", 70.5, mX35xB
129,Travis Graham,2001-07-13,"8042 Black Dale
Kellyville, HI 99445", 52.6, biUCl5
130,David Lindsey,2016-08-01,"2399 Massey Ville
Travisfurt, VT 61069", 60.9, Y61Il8
131,Amy Davis,1988-09-01,"8057 Todd Trafficway
Baileyland, OH 79604", 59.4, fmJaVY
132,Carlos Carr,1984-03-17,"311 Mejia Centers Apt. 360
Michellestad, MA 84752", 59.9, IQ1uDW
133,Christian Coffey,2014-09-26,"8830 Schultz Pass
East Carlport, UT 89385", 62.6, Pfob88
134,Denise Reese,1980-10-08,"46915 Jason Stream Suite 447
Yorkland, CA 53316", 56.1, TLnlhe
135,Jennifer Young,1978-09-03,"800 Gray Tunnel Apt. 862
Lake Joseph, MA 45228", 44.3, 9EABOX
136,Joseph Singleton,2015-09-03,"9471 Mcintosh Stream
Jasonfurt, KS 48284", 68.0, AX1CVE
137,Anthony Holland,1992-08-09,"335 April Ridge Apt. 467
West Jason, MS 38527", 53.0, m5ljPe
138,Andrew Johnson,2010-08-01,"8338 Reilly Ramp Suite 547
West Craig, MO 69876", 74.1, rkB3qQ
139,Terri Oconnor,1977-04-01,"05933 Bass Walk
North Jessicachester, WV 43404", 47.4, Pfob88
140,Scott Vega,1970-05-02,"887 Lydia Overpass
Coxmouth, AL 69000", 80.7, fDQmdG
141,Yolanda Wilson,1988-04-23,"PSC 8508, Box 6497
APO AE 21336", 60.6, 98i0fW
142,Deborah Lopez,2017-03-22,"57062 Gloria Roads
Glennside, WY 35718", 69.8, KdtstA
143,Danielle Franklin,1980-01-17,"998 Walls Knolls Apt. 954
Port Christopherhaven, HI 04422", 46.4, Jf5ftL
144,Anna Sosa,1992-09-08,"2838 Thompson Points Suite 989
Monicastad, DE 69912", 66.0, O0zZFT
145,Carlos Lee,2002-11-06,"6190 Jane Points
Dawnbury, OK 34618", 66.3, VeRlBr
146,Marcia Mitchell,2004-12-23,"021 Johnson Manors
Brianmouth, TN 35537", 75.0, KdtstA
147,Dr. Andrea Anthony,1975-02-16,"43044 Gary Prairie
East Margarethaven, NY 62514", 59.9, H4kMnO
148,Beth James,2017-09-19,"71292 Bowman Greens Apt. 692
Port Alexandria, NJ 26462", 55.5, dIwed5
149,Emily Harrison,2014-03-01,"38397 Miguel Cove
Mcbrideborough, ID 33679", 73.5, rkB3qQ
150,Kimberly Jones,2009-11-07,"54474 Reyes Mount Suite 084
Fisherport, UT 95139", 62.3, 3LLlH1
151,Austin Hicks,1980-12-15,"07891 Amy Courts
South Charleneland, MT 00528", 64.2, KdtstA
152,Rebecca Roman,1984-10-19,"03914 Kevin Avenue Suite 616
Maryshire, AK 81481", 65.6, EKIymu
153,Sherry Hunter,1988-05-02,"1347 Taylor Port
West Annamouth, IN 09662", 65.3, hCVgHZ
154,Scott Shannon,1983-07-10,"58331 Hill Keys Apt. 295
Doyleshire, OK 48727", 68.9, ptAHRD
155,Carla Cannon,1986-03-17,"137 Jose Lake Apt. 141
Lake Linda, SC 25953", 67.2, PB5Nl5
156,Tim Gonzales,1972-03-16,"3998 Dunn Mission
New Rodney, IA 06212", 68.8, cc2fja
157,Douglas Randolph,2007-02-12,"Unit 8160 Box 4322
DPO AP 07579", 61.6, wzh2PR
158,Kenneth Shannon,2007-07-28,"389 Adam Mountain
Rebeccaside, NH 60749", 56.3, 19njNX
159,Brenda Brown,1980-07-14,"96131 Thomas Island
West Robertmouth, AK 69966", 57.4, 0tkjLM
160,Rebecca Turner,1971-08-16,"7833 Garcia Pine
South Tylermouth, OK 45268", 29.6, rkB3qQ
161,Michael Harrington,1985-11-09,"PSC 9284, Box 5981
APO AE 11166", 70.1, UjmykT
162,Dylan Byrd,2005-08-22,"6731 James Shoals Suite 178
Lisamouth, WA 90647", 70.5, Ru5io7
163,Rachel Becker,1972-06-14,"3033 Ramirez Drive Apt. 428
New Justin, PA 83335", 46.3, H4kMnO
164,Connor Mays,2015-03-09,"022 Jason Burg Suite 565
Gouldview, MO 55486", 71.1, rn9YQO
165,Jackie Hayes,1984-05-22,"258 Stanley Grove
East Dawntown, TX 84166", 66.9, wXjSZM
166,Tony Cook,1976-08-04,"4059 Christine Passage
Freemanville, GA 22641", 62.8, 9EABOX
167,Jessica Johnson,1987-01-29,"5113 Lewis Rest Suite 527
Lake Jenniferfurt, AL 63315", 66.7, EKIymu
168,Anna Shaw,2020-05-22,"185 Vincent Parkways
Lake Jessicaport, LA 05838", 57.4, Gyxk3J
169,Timothy Ramirez,2013-09-27,"USNV Blake
FPO AP 20882", 60.6, 19njNX
170,Daniel Wilson,2018-04-27,"141 Morales Mission Apt. 291
Fosterberg, OH 09735", 64.6, K5W6uN
171,Tiffany Brown,1970-03-18,"125 Lisa Crest
North Carolmouth, NC 43493", 61.7, 19njNX
172,Lisa Owens,1979-10-30,"15259 Rachel Divide Apt. 882
Port Adamhaven, NJ 55603", 68.5, hCVgHZ
173,Nathan Christensen,2011-12-30,"249 Steven Crescent Suite 287
East Allen, AL 27465", 57.3, 98i0fW
174,Todd Barton,2020-10-26,"6387 Frank Spur Suite 728
Port Antonio, WI 37153", 69.7, nVdtE0
175,Katrina Carlson,1999-03-27,"816 Zavala Greens
Donaldville, IN 72217", 75.8, okzhLL
176,Theresa Williams,2004-08-15,"615 Williams Stream
South Raymondton, PA 19670", 81.6, 3LLlH1
177,Jimmy Banks,1990-07-23,"Unit 4223 Box 4420
DPO AA 83490", 77.0, HYyLfN
178,Gary Williams,2004-06-25,"7141 Laura Ville
Michaelberg, NJ 90590", 55.3, Q3XXfm
179,Joseph Schneider,1987-09-25,"0455 William Rue
South Kirstenmouth, WA 10264", 63.0, 19njNX
180,Deborah Guerra,1979-08-14,"760 Bush Hollow
Alvarezchester, MA 98008", 45.5, KdtstA
181,Christina Rodriguez,1998-06-23,"USNS Roberts
FPO AE 70252", 62.2, BwgeK1
182,Robin Alvarez,1986-03-30,"867 Thomas Views
New Stephaniefurt, AK 77764", 76.7, W84axc
183,Aaron Herrera,2004-09-23,"4511 Davis Loaf Apt. 108
North Carlosville, OK 73651", 69.8, XNqdE5
184,Jonathan Yoder,1981-02-10,"72894 Braun Rapid
Kimberlyland, AZ 44148", 80.6, fmJaVY
185,Keith Davis,2012-01-30,"4870 Allen Gateway
Lake Adamfort, WI 44719", 61.3, ptAHRD
186,Frank Golden,2016-03-17,"2522 Gomez Trail Suite 324
West Edward, OR 50589", 28.8, BwgeK1
187,David Richardson,1976-04-20,"81477 Alexander Valley
Stacyhaven, IA 56139", 47.4, F8zFPh
188,Charles Brady,2004-10-20,"074 Lee Skyway Apt. 745
Davisburgh, IN 47469", 59.6, cc2fja
189,Martin Woods,1991-12-18,"48647 Martin Viaduct Apt. 576
New Jenniferchester, TX 45980", 65.8, biUCl5
190,Christopher Johnson,1996-02-11,"993 Harper Inlet
North Melaniebury, IA 62676", 51.6, XNqdE5
191,Linda Armstrong,1980-01-09,"44262 Michael Plaza
New Robert, MO 60306", 63.9, dIwed5
192,Rebecca Cruz,2014-03-29,"70286 Washington Spur Suite 607
South Justin, MI 32654", 53.6, 3GcCoj
193,Brittany Sharp,1992-07-22,"7919 Hawkins Landing
East Jennifer, TN 31212", 67.1, Qe5Soo
194,Richard Patterson,1971-09-26,"91557 Garner Locks Apt. 314
Lake Carolynton, AL 01360", 70.6, V1QUg1
195,Denise Woods MD,1993-05-25,"871 Brianna Ford Suite 668
Port Daniel, NC 93756", 50.8, lOxcLg
196,Justin Orr,2006-07-01,"431 Gibson Passage Suite 319
New Madisonfurt, KY 91031", 61.8, nVdtE0
197,Mariah Walsh,2009-06-14,"Unit 1599 Box 6345
DPO AP 19997", 47.3, ycgP1l
198,Scott Escobar,1977-07-30,"276 Richardson Station Suite 219
Port Charlesmouth, LA 25539", 68.7, LoAgyI
199,Vincent Snow,1988-10-20,"14951 Amy Shores Suite 796
North Jenniferside, ID 87012", 52.7, V1QUg1
200,Eric Martinez,2000-03-30,"54990 Stephanie Lodge
West Jessicabury, WA 68647", 57.9, pCuxU4
201,Amanda Brown,1997-12-12,"PSC 7276, Box 3811
APO AE 65777", 63.3, IQ1uDW
202,Jonathan Osborne,2003-05-07,"48507 Mandy Square Suite 207
Lewisstad, KS 79432", 83.4, zqHZEb
203,William Newton,2014-06-29,"8440 Ortiz Ridges
Ellisshire, FL 98842", 43.6, Gyxk3J
204,Omar Chavez,2007-05-15,"02257 French Vista
Port Katieville, MI 81250", 52.5, 19njNX
205,Samuel Moore,1990-10-21,"45542 Melvin Center
East Jeffreyfort, WA 28690", 87.2, IQ1uDW
206,Shaun Patrick,1996-01-16,"27996 Matthew Mall
Ingrambury, UT 37622", 65.0, UjmykT
207,Tracey Gonzalez,1976-03-30,"Unit 4258 Box 4114
DPO AP 91195", 60.1, LoAgyI
208,Joshua Adams,2007-08-26,"719 Charlene Lakes Suite 484
Stephensstad, AR 08002", 63.1, mX35xB
209,Arthur Green,2015-05-22,"25976 Carol Creek Suite 321
Thomashaven, AR 47714", 63.8, aRDyIr
210,Jesus Wang,2018-12-17,"47983 Kenneth Lock
Ariasshire, IA 73370", 40.8, pCuxU4
211,William Smith,1997-06-26,"USNV Crane
FPO AP 40413", 62.4, K0w6hD
212,Krista Brown,1970-03-10,"73050 Holly Row
New Kariside, CO 79972", 52.6, g31PPR
213,Katherine Williams,1976-06-26,"89709 James Route
Charleston, OR 09512", 57.6, 0tkjLM
214,Wesley Vincent,1989-08-21,"64184 Dodson Inlet
Carlsonmouth, DC 89226", 48.2, 3GcCoj
215,Nathaniel Bradley,1985-07-22,"56536 John Pine
Andrewshaven, OR 08600", 54.4, V1QUg1
216,Tina Wiley,1974-08-01,"9062 Decker Islands
Pamelastad, AZ 88500", 72.7, CCJNmf
217,Allison Hall,2008-01-08,"021 Terri Common
East Bobby, VT 36253", 42.5, EKIymu
218,Rachel Long PhD,1977-10-23,"22879 Huerta Haven
New Davidfort, VA 72324", 61.9, FJO3kE
219,Robert Snyder,2006-04-30,"53163 Sandra Keys
Whitehaven, ID 77777", 70.4, fmJaVY
220,Gregory Cooper,2011-12-01,"085 Jackson Loaf
Henryside, CT 03883", 54.6, fgft04
221,Sarah Raymond,1978-01-03,"047 Chavez Lane Apt. 484
New Lisamouth, MN 17297", 60.5, 3OiwTr
222,Laurie Cox,2005-08-21,"2289 Michael Lock
Josephshire, MT 56907", 72.3, XNqdE5
223,Vincent Sosa,2001-06-03,"2748 Taylor Tunnel Suite 797
Beckyview, RI 32761", 76.5, wzh2PR
224,Alejandro Wilson,2002-07-22,"Unit 8550 Box 6287
DPO AA 76236", 56.1, EKIymu
225,Anna Walker,2016-02-29,"13406 Russell Throughway
East Kelly, AZ 45079", 41.9, m5ljPe
226,Valerie Flores,2013-07-16,"306 Antonio Station
Joseton, ID 48044", 54.8, fmJaVY
227,Heather Lewis,1987-12-31,"32578 Miller Plains
West Christina, LA 86391", 63.0, okzhLL
228,Derrick Garcia,2003-06-01,"7633 Michael Views Apt. 990
Cummingschester, ID 15604", 39.8, s3NLvy
229,Shelley Mcintyre,1981-10-03,"52762 Austin Locks Suite 992
Port Michaelberg, IA 01939", 70.2, fDQmdG
230,Deborah Holmes,1980-08-12,"USNS Mejia
FPO AA 36089", 76.8, Qe5Soo
231,Cameron Silva,2021-05-24,"6356 Adams Mountain Apt. 593
Cooperside, DE 93620", 63.0, lOxcLg
232,Joshua Mcguire,2017-08-13,"2663 Daniel Hill Apt. 383
West Geraldside, ID 13549", 60.0, w63x4F
233,Brenda Williams,1994-07-04,"506 Jones Islands
Victoriahaven, WV 71364", 55.6, tmSsH1
234,Anthony Lewis,1974-11-03,"05366 Carr Street Suite 408
Lake Steven, SC 90619", 80.4, o4bWe3
235,Luis Krause,2016-06-17,"744 Shannon Cove Suite 147
West Shanechester, WA 60882", 69.9, 02aSUl
236,Abigail Christian,1970-03-21,"143 Scott Glen
East Blake, NE 11344", 77.3, 19njNX
237,Jordan Hayes,1983-03-21,"879 Amy Street
Lake Dannyhaven, GA 07235", 57.3, frHJrm
238,Elizabeth Schwartz,1990-02-20,"091 Turner Port Suite 899
South Donna, TX 98494", 62.0, EKIymu
239,Teresa Armstrong,1977-05-11,"76721 Ariana Rapids
Jamesmouth, NH 70689", 90.0, Q3XXfm
240,Tonya Eaton,1979-01-28,"533 Ashley Course Suite 601
New Marciachester, UT 27877", 60.6, UjmykT
241,Nicole Bridges,1972-11-28,"288 Sampson Glen Suite 869
Melanieton, MA 94337", 57.7, Pfob88
242,Anthony Ponce,1973-05-09,"2551 Walls Square
Port Nicole, VA 28677", 59.2, BwgeK1
243,Roger Pennington,2003-01-28,"6727 Jacobson Causeway
Ellisbury, GA 73038", 63.8, D9HCPH
244,Alexander Barber,1985-01-18,"57485 Lewis Park
East Dylan, UT 71679", 53.4, Ru5io7
245,Kristin Mendez,2007-03-02,"03107 Bowers Park
Delgadoview, NE 00999", 53.6, Y61Il8
246,Tammy Anderson,2009-10-01,"16037 Weaver Village
East Carrie, MN 54983", 77.0, fDQmdG
247,Leslie Huffman,2015-01-31,"652 Miles Road Suite 503
Brianfurt, AZ 21952", 72.1, Ru5io7
248,Mr. Michael Stephenson Jr.,1987-01-15,"1139 Sellers Harbors Apt. 200
Timothyville, MO 47794", 68.9, rkB3qQ
249,Heather Leach,1970-04-03,"01317 Robert Square Suite 708
West Nicholas, PA 48761", 54.9, MbyAcu
250,Michael Allen,1985-04-05,"23798 Adam Cliffs Apt. 141
Harrishaven, TX 75352", 76.4, dS3sLL
251,Jesse Herrera,2000-10-10,"474 Carrie Trail Apt. 949
Cisnerosstad, MO 83550", 36.0, TLnlhe
252,Jill Hernandez,2015-02-11,"2801 Carroll Islands
North Kimberlyfurt, MN 70126", 76.3, riir8r
253,Jeremy Wong,1983-12-07,"14077 Franklin Landing
Millerview, NJ 45831", 80.7, JzM8N3
254,Jamie Gallegos,1973-12-17,"1837 Miller Glen Suite 593
Ashleyview, MT 63123", 74.0, JzM8N3
255,James Taylor,2017-02-28,"21975 Castillo Hills
Hickstown, WY 11586", 66.9, 3OiwTr
256,Brent Henderson,1984-07-24,"9705 Susan Trail
New Jamesside, MA 87424", 62.1, aRDyIr
257,Ryan Green,1983-01-01,"48778 Perez Locks
Lake Kara, OK 58555", 64.1, 19njNX
258,Sharon Hammond,2013-08-07,"70639 Jennifer Gateway Suite 517
Ericaberg, RI 38114", 64.3, tmSsH1
259,Debra Miles,2005-03-02,"52595 Shannon Stream
West Jillian, NM 85317", 55.5, w5g9fm
260,Matthew Johnson,1977-10-04,"6351 Thomas Summit
Mayshire, LA 23931", 76.1, hCVgHZ
261,Samuel Johnson,1970-09-06,"332 Long Place Suite 874
West Jessica, PA 01782", 52.8, mqWXp2
262,Hannah Price,2007-08-30,"74340 Garcia Junctions
East Christy, OR 06254", 63.3, H4kMnO
263,Marie Murphy,2010-03-14,"5373 Claudia Ville
Lake Ashleyhaven, CO 24000", 45.8, XNqdE5
264,Teresa Bell,2010-04-23,"515 Manuel Vista
West Michaelhaven, TN 87797", 64.3, LIO2Ks
265,Daniel Butler,1973-07-30,"Unit 1535 Box 6385
DPO AA 63020", 86.4, vRpqIZ
266,Ann Moore,2007-09-24,"8561 Yolanda Way Apt. 378
Annaborough, FL 77081", 63.7, hYYx5S
267,Andrea Shea,1972-07-13,"79453 Adkins Highway Apt. 008
Hendersonport, NE 71554", 60.0, w1SvXk
268,Kelly Johnson,1976-10-10,"8326 Stephen Cove
Tylerville, LA 71965", 58.3, kUk2nR
269,Darryl Perez,1980-10-08,"1070 Jose Street Apt. 344
Hodgesland, NM 72744", 65.3, trxveH
270,Kerry Hill,2017-10-31,"87178 Jackson Ferry Apt. 234
North James, MD 29862", 73.8, OOusMw
271,Earl Larson,2018-02-04,"348 Dudley Road
Piercefurt, IA 13171", 50.8, KdtstA
272,Jennifer Evans DDS,2004-10-31,"532 Andrea Ranch
Lake Tyrone, MN 29302", 68.5, trxveH
273,Brian Reeves,1999-02-26,"1855 Lopez Fields
Johnsonton, IA 06332", 81.0, vRNj5l
274,Jonathan Davis,1985-11-22,"61777 Miller Hollow
Jonestown, WY 89708", 80.8, IQ1uDW
275,Abigail Robertson,1974-08-14,"9616 Williamson Gardens
North Monica, NH 44271", 67.7, IQ1uDW
276,Benjamin Martinez,1998-09-05,"632 Frances Mews
North Christianburgh, MI 17070", 50.6, 3OiwTr
277,Diana Harris,1988-05-23,"931 Allison Mountains Apt. 708
Hallmouth, MT 81378", 74.6, CYTyRl
278,Paul Dunlap,1972-04-02,"912 Crawford Highway
Williamshire, MA 68120", 50.6, Jf5ftL
279,Angela Perry,2012-08-07,"40695 Lawrence Stream
Matthewside, MS 39892", 72.5, MbyAcu
280,Sharon Reeves,1972-04-07,"PSC 7302, Box 0669
APO AA 98179", 68.0, PB5Nl5
281,Tina Brooks,2008-05-24,"Unit 6599 Box 3215
DPO AA 17261", 77.5, 0V4PBo
282,Willie Parker,2016-05-19,"924 Jessica Brooks Apt. 819
Timothybury, OR 09154", 51.8, W84axc
283,Danny Hayes,1978-03-11,"592 Kenneth Village
East Ashleyton, NV 48198", 57.9, pCuxU4
284,Ernest Medina,1984-05-20,"6753 Eric Fords Suite 571
Smithport, AL 06501", 72.4, TJETNP
285,Jessica Dorsey MD,1990-03-27,"2182 Jason Hollow
Wallside, IA 16326", 51.3, hYYx5S
286,Ronald Bailey,2015-07-11,"948 Santos View Apt. 713
Ronaldborough, HI 84997", 64.3, o4bWe3
287,Richard Pierce,2010-12-31,"310 Justin Street
New Carloston, FL 23705", 59.3, XNqdE5
288,Richard Nash,2012-05-30,"53590 Robinson Crest Apt. 392
Williamshaven, KS 26002", 71.7, S77oqT
289,Cindy Baldwin,1999-07-31,"494 Lisa Throughway Apt. 426
Lauratown, ME 20323", 81.2, mX35xB
290,Raymond Wells,1993-09-27,"Unit 6033 Box 8951
DPO AP 75327", 59.4, LIO2Ks
291,Virginia Palmer,2017-07-22,"9767 Rodriguez Creek Apt. 773
Tonyaside, CA 60007", 51.6, ycgP1l
292,Amanda Lin,1999-05-11,"696 Dale Path
Timothyberg, NY 29344", 63.7, g31PPR
293,Gabriel Brown,1982-04-20,"401 Wallace Stravenue Apt. 138
North Carolview, KY 56205", 62.7, JzM8N3
294,Joel Parker,1976-02-14,"2649 Harris Spurs Apt. 301
South Latoya, NC 97565", 62.8, LAcxHc
295,Alicia Thompson,1986-06-13,"551 Diane Tunnel Suite 900
Sawyerstad, MS 06040", 52.9, Pfob88
296,James Lee,2012-12-15,"2881 Tina Dale
North Lauren, OR 74278", 78.4, CCJNmf
297,Tracy Bradley,1982-04-06,"1512 Mcdonald Cape Apt. 729
Jakeport, WI 33825", 49.6, hCVgHZ
298,Jason Galvan,1997-10-03,"85444 Amber Mountain
New Seanborough, NM 66683", 71.8, wXjSZM
299,Theresa Owen,1974-02-27,"PSC 3626, Box 3317
APO AP 05180", 73.2, 3GcCoj
300,Richard Robertson,2000-05-02,"USNV Rodriguez
FPO AP 70160", 66.4, dIwed5
301,Ruth Johnson,1995-11-06,"1727 York Curve
West Richardton, SD 85108", 67.6, tmSsH1
302,Olivia Miller,1995-06-17,"14218 Garcia Spring
Emilyborough, ME 55420", 79.2, okzhLL
303,Brent Barajas,2008-08-17,"PSC 6790, Box 3167
APO AA 84454", 69.2, ptAHRD
304,Casey Faulkner,1986-05-17,"7936 Linda Common Apt. 086
Bakerburgh, ME 18999", 52.5, hYYx5S
305,Cynthia Green,1996-09-23,"80754 Shawn Park Apt. 292
Port Allison, MN 41563", 71.4, 98i0fW
306,Sierra Shepard,1990-08-02,"5920 Colleen Field
South Jonathanchester, NC 23633", 67.6, vRNj5l
307,Dylan Green,2021-07-24,"39716 John Rapids
Harperview, PA 81350", 62.2, Y61Il8
308,Michelle Lambert,1975-08-27,"02271 Turner Drives Apt. 021
Henrymouth, WA 73188", 85.1, 3GcCoj
309,Jason Hudson,2015-04-08,"8836 Thomas Meadows
South Alexandra, KS 56164", 64.8, IQ1uDW
310,Kenneth Reynolds,2014-08-29,"103 White Mills
North Erik, MT 68009", 58.4, kUk2nR
311,William Morse,2013-12-16,"7576 Beth Mountain Apt. 054
Lake Toddfort, AR 43940", 42.7, FJO3kE
312,Gary Sanchez,2002-07-21,"88833 Johnson Fort
Port Kaylafort, WI 83964", 47.5, IiUFlj
313,Tina Bailey,1980-11-13,"8345 Matthew Freeway
Christineside, CO 66785", 73.4, ZibEoC
314,Stephen Jacobson,1997-07-26,"78375 Shaw Gateway Suite 597
Robertbury, HI 59713", 67.4, ZibEoC
315,William Turner,1971-04-27,"298 Jason Mills
Franktown, NC 47033", 52.2, 3OiwTr
316,Terry Mason,1983-01-28,"36770 Virginia Court Apt. 084
Johnburgh, VA 47781", 64.4, ccQ3Ih
317,Jerry Lowe,1997-11-23,"19864 Smith Manors Suite 541
Lake Michelleton, NE 54092", 78.1, vRNj5l
318,Renee Garcia,2004-10-11,"PSC 2368, Box 3333
APO AA 39340", 69.1, ZibEoC
319,Matthew Hayes,1976-03-02,"9070 Crawford Forks Apt. 764
Mandyside, CO 15026", 71.5, fDQmdG
320,Ms. Barbara Marquez,1992-08-22,"7202 Bradley Plain
Aliciatown, ME 96041", 65.0, fgft04
321,Felicia Anderson,1991-02-15,"285 Washington Overpass Apt. 682
Lake Melissa, PA 32875", 79.9, zqHZEb
322,Cody Anderson,2007-08-31,"37580 Cardenas Turnpike
East Daniel, IN 81618", 66.9, I2mcAk
323,Danielle Collier,2000-08-18,"92067 Nathan Springs
Lanceland, WY 59589", 46.6, Gyxk3J
324,John Cooper,1987-02-02,"5336 Justin Hollow
Robertsonton, NE 64676", 60.4, ptAHRD
325,Jennifer Butler,1980-10-18,"6339 Charles Glen
West Markshire, RI 20357", 57.1, zqHZEb
326,Jordan Ray,1975-05-15,"85806 Betty Avenue Apt. 752
Foxton, WA 52851", 74.0, Vj8Xqw
327,Gary Reeves,1989-10-15,"7524 Kristen River Suite 763
Clayshire, MI 10131", 75.8, ccQ3Ih
328,Shawn Nelson,1977-09-17,"626 Diane Roads
South Patricia, ID 07293", 67.1, okzhLL
329,Debbie Avila,2014-08-23,"PSC 3057, Box 7707
APO AP 71421", 73.3, trxveH
330,Scott Werner,1981-07-19,"609 Curtis Brook Suite 623
Ashleytown, WY 55795", 58.4, RPDpSQ
331,Patrick Sullivan,2006-09-15,"363 Jeremy Passage Suite 702
Lake Briannaview, NC 19162", 58.8, K5W6uN
332,Jasmine Palmer,2017-10-23,"4537 Weber Fork Apt. 738
West Alexander, NM 64208", 56.9, dIwed5
333,Gregory Banks,1972-11-12,"6450 Melissa Flats Apt. 521
Dawntown, OR 49431", 48.9, EO5LDb
334,Kendra Jenkins,2005-02-03,"32185 Taylor Gardens Suite 821
Audreyshire, AK 70311", 64.6, 19njNX
335,Brittney Wiley,1985-10-26,"85080 Clark Oval Suite 216
Port Rodney, NH 43125", 45.6, 02aSUl
336,Edward Jenkins,1974-12-13,"11186 Sydney Junctions
New Katherineside, SC 37626", 53.4, tmSsH1
337,Amanda Johnson,1984-06-23,"8947 Pena Forge Apt. 363
West Sara, LA 85316", 52.3, K5W6uN
338,Anthony Burgess,2014-08-09,"PSC 6660, Box 7337
APO AA 20950", 58.8, I2mcAk
339,Holly Bass,1996-01-31,"USCGC Foster
FPO AE 40997", 61.5, XNqdE5
340,William Carter,1983-11-15,"9274 Daniel Roads
Lake Chrisborough, WV 84158", 67.5, fDQmdG
341,Miss Erica Myers DDS,2000-11-09,"01654 Katie Skyway Apt. 636
West Melvin, MA 85734", 42.8, LAcxHc
342,Martin Montgomery,1982-03-17,"0755 Brandon Walks
Laurafurt, NM 02265", 55.0, g31PPR
343,Briana Jones,2003-11-01,"0892 Thomas Haven
Micheleview, PA 19214", 60.9, o4bWe3
344,Scott Pearson,1991-09-23,"2904 Matthew Brooks Apt. 657
West Cynthia, RI 33417", 87.7, FJO3kE
345,Jeffrey Barker,1979-05-12,"3199 Gary Isle
Port Christinehaven, LA 48355", 62.7, ptAHRD
346,Amanda Torres,1997-02-22,"Unit 7186 Box 8553
DPO AE 22431", 79.4, Ru5io7
347,John Davis,2021-02-20,"49299 Sanchez Ridge Apt. 583
Aaronberg, UT 68699", 44.6, 02aSUl
348,Alyssa Tate,1974-12-08,"2056 Erica Spring
Port Carolshire, RI 38082", 67.1, 4Y1OfL
349,Natalie Hooper,1998-08-17,"3665 Thomas Meadow
Wellsmouth, NM 28410", 50.2, OkrsJQ
350,Jackson Russell,2000-04-03,"5308 Larson Plaza
Hughesburgh, WI 50913", 50.2, w5g9fm
351,Megan Gonzalez,1977-07-17,"119 Samantha Port
Dawsonfurt, IL 29269", 67.2, Qm8nLN
352,Tanner Huffman Jr.,1977-05-23,"727 Kristen Mall Suite 665
Earlhaven, MS 41893", 61.4, AX1CVE
353,Shaun Barton,1998-01-27,"42903 Davis Meadow
South Crystalside, IL 83685", 45.0, frHJrm
354,Kayla Brown,1975-05-18,"9949 Wood Rue Suite 880
Port Nicholastown, NM 69924", 44.3, Ru5io7
355,Cynthia Weeks,2013-05-19,"6177 Walker Cliff Apt. 566
South Alexander, NH 98787", 67.0, w63x4F
356,Thomas Downs,1992-01-01,"2227 Castro Village
North Tamara, WV 43362", 54.0, ptAHRD
357,Dylan Poole,2008-01-03,"6213 Suzanne Causeway Apt. 315
Perkinsfort, WA 59635", 49.5, CCJNmf
358,Heather Sanders,1995-07-22,"Unit 7210 Box 4233
DPO AA 76469", 71.6, mX35xB
359,Christopher Welch,1997-03-08,"3759 Ballard Crescent Apt. 402
Anitaview, NY 08479", 68.6, MbyAcu
360,Mark Case,2007-04-05,"PSC 5891, Box 2276
APO AA 46809", 49.8, 98i0fW
361,Shelly Stephens,1979-12-05,"27512 Steven Crescent
Thomasside, MD 30709", 57.3, frHJrm
362,Kimberly Gallagher,1979-02-02,"20167 Katherine Pines
Marioberg, IA 79996", 72.8, UjmykT
363,Mary Ray,2020-03-18,"Unit 5884 Box 6881
DPO AE 77015", 66.2, KdtstA
364,Christopher Peterson,2002-02-23,"0148 Kevin Mount Suite 799
Michaeltown, MI 39501", 54.4, 02aSUl
365,Jeffery Hodges,2002-08-24,"60396 Lisa Green
Hartmouth, TN 97729", 64.2, lOxcLg
366,Andrea Scott,2006-04-17,"5501 Haas Loaf
East John, MD 36215", 62.0, nVdtE0
367,Amber Lawrence,1979-07-08,"0235 Jose Corner
Lake Diane, TN 14893", 79.2, V1QUg1
368,Shannon Townsend,1980-01-02,"38857 Hart Rapid Suite 612
Kimberg, ND 01106", 63.1, V1QUg1
369,Carolyn Hahn,1977-09-08,"5633 Susan Keys Suite 652
Lake Robertville, MA 31890", 64.2, rkB3qQ
370,Billy Wilson,1975-02-13,"264 Cruz Pike Apt. 054
Port Steventown, VT 96954", 62.5, 9EABOX
371,Tami Gutierrez,1999-10-21,"USNV Roberts
FPO AP 32067", 60.8, ccQ3Ih
372,Lori Kirk,1989-09-04,"20800 Gibson Turnpike Apt. 829
South Paul, OH 79144", 88.9, OOusMw
373,Matthew Gray,1994-12-06,"613 John Curve
Parkerborough, NJ 39575", 66.4, 19njNX
374,Alicia Nielsen,2018-11-11,"040 Olson Landing Apt. 153
North Scottfort, CT 04169", 52.5, cc2fja
375,David Ramirez,2021-03-27,"13900 Bennett Stream Suite 442
Martinfort, ID 98417", 62.3, 3OiwTr
376,Carolyn Thomas,2010-08-21,"2516 Franklin Crossroad
Adamsberg, MA 66917", 62.6, hCVgHZ
377,Jennifer Mccann,2019-08-23,"9159 Thomas Crossing
West Adamstad, MS 59630", 58.5, dIwed5
378,Christopher Shelton,1970-12-13,"52433 Miles Spring Suite 044
New Ericaton, MN 54686", 55.3, dS3sLL
379,Linda Lee,1972-12-31,"51079 Duran Drives Suite 619
Shannonton, NM 81789", 65.2, BwgeK1
380,Paul Chambers,2018-08-18,"9401 Chapman Crossroad Suite 572
Christopherbury, NM 01750", 42.9, K0w6hD
381,Elizabeth Baxter,1999-04-11,"22302 Ruth Pines Apt. 149
East Amber, MS 52058", 62.5, RO6DyO
382,Donald Johnson,1976-09-28,"4839 Bell Pines Apt. 855
Port Samuel, NM 16675", 70.3, BwgeK1
383,Charles Hunt,2018-03-02,"43018 Samuel Ridge
West Laurenton, ND 56698", 56.2, Qe5Soo
384,Cheryl Kelley,1978-10-18,"4504 Smith Cliffs Apt. 822
New Denisefurt, NE 90512", 69.5, dIwed5
385,Jessica Dillon,2019-07-30,"76901 Diane Turnpike Suite 500
New Tony, IL 58735", 53.2, dS3sLL
386,David Trujillo,1989-06-23,"278 Linda Walk
Jamiestad, LA 27693", 58.0, EpAiVO
387,Jodi Wright,1992-02-29,"025 Melissa Ports
New David, WV 09269", 66.3, pCuxU4
388,Tammy Marquez,1993-03-08,"43874 Rebecca Turnpike
Port Oliviaton, IL 69117", 63.8, UjmykT
389,Kathy Maxwell,1999-03-10,"0731 Oscar Route Suite 674
Stewartfort, AK 62863", 69.2, Vj8Xqw
390,Alejandro Anderson,1980-11-21,"69422 Stein Skyway
Jonesberg, DC 47143", 58.7, UjmykT
391,Donna Lewis,2010-11-10,"0759 Eric Point Suite 257
East Juan, KS 82579", 64.1, fgft04
392,Joshua Cummings,2011-07-29,"86109 Cynthia Island Suite 618
Ortizhaven, MO 33286", 57.3, LAcxHc
393,Jeanette Gamble,1987-08-17,"485 Livingston Forges
Chadburgh, WA 16833", 48.2, Jf5ftL
394,Tanya Guerra,1992-04-04,"6092 Lam Plains
Cameronville, CT 09375", 52.9, Q3XXfm
395,Kayla King,2002-05-03,"18760 Adrian Road
Angelaview, AZ 32017", 50.1, F8zFPh
396,James Dickerson,2011-02-07,"81943 Nelson Drive
East Marthashire, VT 29419", 66.8, lOxcLg
397,Kelly Taylor,2006-03-06,"819 Moore Course
New Juan, MD 66829", 42.7, BwgeK1
398,Caroline Baker,2008-12-23,"PSC 1824, Box 2093
APO AP 89104", 54.0, LIO2Ks
399,Mrs. Nicole Smith,1989-10-02,"879 Erin Harbor
West Williammouth, AK 69867", 68.0, Ru5io7
400,Faith Alvarado,2017-04-29,"395 Kennedy Forges Apt. 565
East Maryberg, MA 60913", 81.7, ycgP1l
401,Lisa Jones,1973-09-24,"66768 Willis Dale Apt. 755
Greenberg, MS 26184", 59.8, UjmykT
402,Jeffrey Turner,1985-11-08,"94576 Macdonald Turnpike Apt. 742
North Andreatown, IN 54238", 66.2, AX1CVE
403,Beth Vargas,2003-11-13,"176 Megan Knolls Suite 515
North Brianberg, AR 10791", 61.7, riir8r
404,Brooke Thomas,2016-06-24,"2639 Adam Crossing Suite 264
New Eric, OK 92024", 38.4, AX1CVE
405,Kenneth Lee,2005-07-29,"23020 Tucker Avenue Suite 583
Kenttown, TX 51523", 71.2, w63x4F
406,Deanna Mitchell,1974-12-13,"28122 Floyd Road
Port Gary, AR 43722", 43.9, CYTyRl
407,Oscar Galloway DDS,1970-03-26,"USNV Wilson
FPO AA 85785", 56.0, riir8r
408,Antonio Gibbs,1975-12-16,"658 Todd Lodge
South Jennifer, MS 42628", 40.5, 19njNX
409,Catherine Walters,2001-05-27,"82578 Moore Via Apt. 453
Terrencemouth, NC 26951", 56.8, fmJaVY
410,Kent Villanueva,2017-04-06,"0423 Higgins Mews Suite 470
North Joannestad, OH 48336", 57.5, Gyxk3J
411,Francis Ramirez,2009-01-12,"6560 Williamson Ways Suite 946
Port Devinshire, NM 76736", 68.4, EpAiVO
412,Gary Washington,1999-01-02,"Unit 2933 Box 1377
DPO AE 49595", 61.3, riir8r
413,Connor Jackson,1978-06-14,"9553 Hill Way
Angelstad, RI 96501", 61.6, TLnlhe
414,Sarah Carroll,2018-01-10,"18136 Sherman Estates Suite 535
West Sethchester, GA 04561", 52.5, ZibEoC
415,Julie Ward,2007-10-30,"31269 Brittney Fork
Fosterport, KY 34882", 73.6, w5g9fm
416,Paige Johns,1987-02-17,"PSC 9140, Box 8474
APO AE 17291", 67.0, m5ljPe
417,Laura Woodward,1975-10-27,"4758 Jason Hills Apt. 269
Perrymouth, SC 29285", 63.5, OOusMw
418,Tanya Flowers,1993-07-13,"0732 Rivera Village Apt. 432
Vazquezview, OK 13666", 70.9, UjmykT
419,Linda Clark,1971-12-09,"USCGC Thompson
FPO AE 99235", 66.0, PB5Nl5
420,Kevin Sullivan,1981-07-24,"8579 King Fall
West Marcus, OR 30601", 70.8, XNqdE5
421,Robert Jackson,2002-05-01,"50893 Greg Estates Apt. 197
Swansonstad, WA 45075", 83.0, HYyLfN
422,Kenneth Long,2019-11-06,"7406 Williams Streets
Markport, HI 85073", 64.7, s3NLvy
423,Rodney Cooper,2017-05-15,"20817 Lisa Union
East Sarahtown, IA 67293", 70.6, fmJaVY
424,Vincent Thomas,2001-04-05,"502 Luna Stream Apt. 513
Port Brianborough, MO 45690", 73.7, RO6DyO
425,Elizabeth Johnson,1986-07-22,"2687 Carrillo Course
New Heather, ID 41879", 56.5, ccQ3Ih
426,Erica Lawson,2007-11-10,"020 Owens Villages Suite 991
North Jacobchester, WY 03871", 76.6, XNqdE5
427,Melissa Bishop,1998-09-19,"USNS Stanley
FPO AE 53411", 52.2, wXjSZM
428,Debbie Mitchell,1971-01-04,"5989 Paul Trafficway
Brownton, CT 77310", 61.3, TJETNP
429,Michael Crosby,1970-03-04,"26136 Vincent Cliff Apt. 559
Michaelport, GA 61637", 50.7, Qm8nLN
430,Ashley Armstrong,2018-03-15,"4862 Jones View Suite 238
South Mark, SC 97137", 60.6, fmJaVY
431,Katherine Black,1989-06-16,"299 Latoya Views Suite 825
Adrianamouth, TN 54553", 57.9, TJETNP
432,Kelly Johnson,1970-10-17,"5553 Cathy Gateway Apt. 666
Jennifermouth, TN 67198", 45.5, aRDyIr
433,Brady Garcia,1979-04-19,"4481 Walker Corner
Rubenton, VT 02105", 88.8, 3GcCoj
434,Sally Krause,1997-10-16,"03480 Crane Mountain
Lake Adam, MT 26366", 52.3, bi4bd5
435,Ruth Moore,1974-05-06,"6084 Jesus Circle Apt. 826
Pattersontown, WI 02045", 69.9, VeRlBr
436,Calvin Anderson,1972-01-18,"29807 Payne Keys
Port Michaelmouth, MT 81275", 66.1, F8zFPh
437,Paul Logan,1975-11-28,"0237 Gregory Motorway Apt. 268
Sullivanton, NE 81727", 77.9, 4Y1OfL
438,Christopher Johnson,2021-10-27,"729 Rocha Locks Apt. 665
Port Stephenshire, DC 90667", 50.0, ogQ7gl
439,Darius Diaz,1989-03-22,"74758 Murray Drive
New Courtney, AK 92394", 64.0, KdtstA
440,Vicki Jackson,1976-10-28,"853 Foley Points Apt. 663
Robertshaven, ID 88106", 59.9, o4bWe3
441,Linda Cook,1994-05-26,"5291 Daniel Creek Apt. 943
Lewisburgh, WI 06577", 62.1, 74bdyQ
442,Madison Lawson,1995-12-19,"3290 Thompson Street
South Denise, NH 92825", 71.3, pCuxU4
443,Michael Steele,1974-12-03,"18828 Flores Club Apt. 030
West Roychester, DC 64209", 65.3, FJO3kE
444,Erin Oliver,1986-06-19,"917 Susan Flats
New Timothy, LA 70286", 59.5, ptAHRD
445,Mary Singh,2003-10-28,"USNS Brown
FPO AE 90657", 79.0, fDQmdG
446,Fernando Terry,1998-10-20,"2549 Margaret Port
South Jeremiahside, WV 87035", 65.0, mqWXp2
447,Elizabeth Hernandez,1991-09-17,"012 Michael Road Suite 553
South Shawn, NH 04115", 61.9, RO6DyO
448,Michael Brown,1978-11-06,"23167 Mitchell Crescent
Richardstad, NH 10491", 57.7, W84axc
449,Dawn Wood,1995-09-19,"052 Duncan Loaf
South Christopher, MI 23721", 69.7, 3LLlH1
450,Alisha Gilbert,1990-10-12,"7430 Jason Spring Apt. 142
Lake Joannaberg, NY 98953", 51.3, vRNj5l
451,Dawn Richards,1997-06-18,"2690 Willis Roads Suite 944
Rodriguezfort, NJ 53982", 72.7, tmSsH1
452,Leah Scott MD,1972-04-09,"478 Garcia Groves
South Kristinside, AZ 31712", 56.8, HYyLfN
453,Paul Simpson,2011-12-01,"93136 Wright Mountains Suite 879
Whiteheadville, UT 50891", 69.8, g31PPR
454,Paul Duran,1981-08-04,"165 Rodriguez Light Suite 279
Butlermouth, NC 22422", 55.7, ccQ3Ih
455,Steven Robinson,2004-01-22,"8959 Michael Meadow
West Daniel, VA 36814", 58.6, riir8r
456,Steven Fitzgerald,2003-04-03,"16660 Patrick Orchard Suite 491
New Natalie, MS 08638", 67.8, Q3XXfm
457,Jeffrey Walker,2002-07-31,"2457 Angie Shore Suite 993
Susantown, UT 14832", 75.0, Jf5ftL
458,Thomas Poole,2001-03-26,"0233 Valerie Harbor Apt. 149
New Gary, UT 16163", 63.2, IQ1uDW
459,Claire Dean,2008-03-02,"307 Sampson Orchard Suite 104
Dixonberg, AZ 50822", 61.9, wXjSZM
460,Emily Hayes,1994-12-12,"332 Hoffman Forest
Crystalland, WV 48915", 64.4, aRDyIr
461,Laura Jackson,2001-07-27,"2963 Cohen Turnpike Suite 121
East Mike, MA 55947", 62.8, 3OiwTr
462,Ricky Hughes,1987-06-30,"311 Jeffrey Trail
Coxmouth, VT 80335", 47.8, vRpqIZ
463,Mary Paul,2021-08-28,"968 Gerald Summit Suite 055
Wuport, IA 77203", 62.6, mX35xB
464,Amy Smith,1981-02-02,"1620 Renee Tunnel Apt. 885
New Marystad, VT 38368", 72.2, dIwed5
465,Debra Davis,1976-09-25,"417 John Greens Suite 163
Lake Marystad, IN 68263", 77.5, mX35xB
466,Leonard Kelley,2001-01-18,"399 Rebecca Island Suite 090
Mahoneymouth, ID 77348", 56.7, vRNj5l
467,Todd Medina,2020-12-12,"7769 Caitlin Parks
South Patricia, AZ 01670", 59.1, fmJaVY
468,Shawn Phillips,1985-12-08,"2659 Veronica Dale
New Brendahaven, MS 06878", 55.8, hYYx5S
469,Dr. Ethan White MD,1985-09-04,"9874 Shaw Village
Walkerburgh, VA 33903", 55.8, Y61Il8
470,Shirley Barajas,1991-10-15,"2608 White Well
New Jasmine, HI 25960", 71.7, NbVHqi
471,Robert Collins,2004-04-15,"26573 Christopher Road Suite 507
Lake Theresahaven, ME 10254", 68.5, hCVgHZ
472,Erica Neal,2005-12-09,"7935 Timothy Falls Suite 699
West Robertburgh, VA 66971", 41.2, ptAHRD
473,David Day,2003-02-09,"924 Kim Manor
Jasonshire, MA 22234", 62.8, KdtstA
474,Jennifer Richards,1981-01-20,"658 Mary Expressway
New Keith, MN 80184", 63.2, S77oqT
475,Paul Holland,2020-02-03,"Unit 2388 Box 2284
DPO AA 41840", 66.2, kUk2nR
476,Sabrina Holmes,1974-03-10,"18207 Max Cape
Saraberg, NC 48348", 81.0, 98i0fW
477,Michelle Klein,2013-01-08,"0882 Melvin Station
West Tommyfort, OH 49359", 70.8, S77oqT
478,Thomas Christian,2013-12-29,"26733 Campos Loaf
South Jonberg, DC 77636", 64.9, Qe5Soo
479,Melissa Peterson,2021-11-26,"1775 Rebecca Ramp Apt. 589
Lake Brianburgh, WY 75103", 70.3, f3gYza
480,Jeremy Coleman,2003-08-04,"30293 Michael Streets Suite 098
South Christina, MN 92873", 54.6, fDQmdG
481,Justin Ross,1992-11-21,"837 Eric Street
West Leslie, CO 04505", 64.8, f3gYza
482,George Garcia,1972-05-11,"765 Steven Knoll Suite 805
North Cristianmouth, MS 52592", 66.5, Q3XXfm
483,Craig Morales MD,1971-05-10,"USNS Castaneda
FPO AA 99632", 65.5, m5ljPe
484,Shawn Little,1973-12-02,"Unit 1123 Box 0885
DPO AE 27748", 71.5, 9EABOX
485,Michelle Tran,1986-12-27,"4545 Williams Junction Suite 774
Port Jasmine, DC 13099", 54.2, K0w6hD
486,Elizabeth Ortiz,1999-02-10,"521 Holmes Mission Apt. 931
Port Jasonbury, MD 15606", 61.5, rn9YQO
487,John Bernard,1970-01-08,"4171 Smith Garden Apt. 511
New Brianna, WV 10816", 70.1, Ru5io7
488,Michael Hall,2002-08-23,"142 Morales Wall Suite 837
West Shelbyton, IA 71037", 71.3, PB5Nl5
489,Robert Bailey,1996-10-29,"3251 Mcclain Village
Maryhaven, ND 75651", 69.1, 3OiwTr
490,Alexander Decker,1986-10-20,"940 Brown Square Suite 718
Crossfort, TX 14594", 72.1, Q3XXfm
491,Justin Thompson,1987-11-20,"61701 Mercedes Lake Suite 588
West Edgar, IA 18662", 70.3, D9HCPH
492,Hannah Anderson,1984-06-21,"5268 Tammy Inlet
Port Stephaniehaven, MN 51880", 61.6, fDQmdG
493,Bethany Vincent,2017-08-29,"833 Sydney Islands Suite 287
Brownshire, TN 54039", 82.5, fmJaVY
494,Sharon Clark,2020-08-06,"6170 Daniel Islands
Andersonborough, NM 60827", 65.0, UjmykT
495,Felicia Williams,2008-04-22,"28283 Thornton Spurs
Port Scott, NM 37666", 64.1, LoAgyI
496,Chase Zavala,1980-01-24,"286 Daniel Walk
Catherineburgh, WV 62172", 45.4, HYyLfN
497,Danielle Walker,1999-08-02,"669 Jones Prairie Apt. 427
New Brooke, ID 03711", 50.8, I2mcAk
498,Stephen Gamble Jr.,2008-12-17,"338 Jessica Walk Suite 834
Kennedystad, OH 30299", 65.9, 02aSUl
499,Christopher Fry,1991-09-14,"55515 Rodriguez Square
West Michelle, KS 38697", 57.5, I2mcAk
500,Brandy Newton,2005-07-18,"39692 Perkins Village
Destinyfort, VT 23666", 57.2, FJO3kE
501,Kathleen Bowen,1979-08-09,"9538 Tyrone Shoals
Jakeside, AR 34644", 57.1, 3GcCoj
502,Tony Daniels,2009-12-14,"3113 Chad Path Suite 987
Davidtown, AK 71211", 58.7, 3OiwTr
503,Dawn Mueller,1987-01-17,"293 Dixon Streets Suite 876
Lake Rhonda, OH 52992", 58.8, vRNj5l
504,Karen Silva,2014-10-18,"004 Adkins Isle Apt. 695
New Chelseaside, AK 27315", 66.8, S77oqT
505,Kelly Jones,2005-02-28,"588 Scott Landing
Port Thomas, OR 98397", 44.5, 4Y1OfL
506,Richard Matthews,1970-07-13,"086 Lorraine Park Suite 925
Lake Kelly, OR 89005", 55.2, dS3sLL
507,Sarah Shepherd,2005-01-27,"26550 Kenneth Stream
Port Heatherville, TX 24310", 68.4, EKIymu
508,Shaun Flores,1994-05-17,"09677 Kurt Ridges
Johnland, IA 88045", 38.5, fgft04
509,Kelly Jones,2012-03-17,"45812 Sharon Ridges
Lake Alexandria, VT 42959", 63.8, LIO2Ks
510,Kathryn Allen,2006-07-14,"5312 Christina Center Apt. 180
Lake Emilychester, MO 27930", 66.0, hYYx5S
511,Anna Burke,1994-02-01,"USCGC Taylor
FPO AE 46203", 52.6, TJETNP
512,Justin Hill,2004-01-26,"30653 Hernandez Gateway Apt. 123
East William, MA 68671", 72.5, 98i0fW
513,Mary Garrison,1993-11-07,"2106 Joseph Dale
East Brandi, OH 22716", 73.7, o4bWe3
514,Craig Cameron,1982-03-02,"6894 Paula Grove
Lake Kristinbury, CT 15359", 66.5, m5ljPe
515,Nancy Romero,1999-07-10,"0311 Berger Stravenue
Sanchezmouth, FL 23951", 60.1, 02aSUl
516,Joseph Brown,1977-11-14,"9559 William Plaza Apt. 657
Ashleyport, MD 55462", 57.8, ycgP1l
517,Antonio Skinner,1971-01-23,"017 Hughes Forge
East Melissaport, TN 40667", 49.8, dIwed5
518,Richard Davis,1987-06-19,"525 Cindy Estate Apt. 322
New Patriciaville, MO 36794", 73.4, 3OiwTr
519,Judith Campbell,2010-03-16,"495 Mallory Crest
Nicoleside, NV 19450", 66.0, 02aSUl
520,Linda Smith,1970-05-10,"7329 Diaz Squares Suite 135
East Robert, TX 01643", 66.3, ycgP1l
521,Alexander Soto,1984-06-09,"016 Owens Rue
Lake Tara, FL 74852", 69.3, H4kMnO
522,Joann Wright,2013-05-17,"948 Steven Drive Suite 310
Ronaldport, MT 60496", 63.2, wXjSZM
523,Teresa Hart,1970-12-28,"618 Daniel Loop
Middletonside, AK 72949", 37.0, hCVgHZ
524,Richard Callahan,1992-02-03,"60608 Douglas Neck Apt. 804
Henryside, NY 21568", 46.0, wXjSZM
525,Bruce Hernandez,1990-07-15,"50044 Elizabeth Row Apt. 439
Jessicaland, GA 67413", 62.1, 0V4PBo
526,Jacqueline Robbins,1988-02-19,"931 Jackie Trace Apt. 768
Port David, VA 64868", 64.9, 9EABOX
527,Joshua Martin,1982-05-09,"USNS Wright
FPO AA 32235", 86.8, vRpqIZ
528,Christine Burke,1998-02-10,"591 Becky Locks
North Elizabeth, MT 22339", 65.4, Jf5ftL
529,Tracy Phillips,2010-10-07,"7275 Lisa Cove Apt. 151
East Jonathan, ID 24776", 52.1, F8zFPh
530,Melissa Brown,1987-11-09,"71020 Donald Cliffs Suite 676
Adamsland, DE 56212", 51.4, hCVgHZ
531,Pamela Smith,1971-08-17,"99775 Roger Drives Suite 397
West Dylanville, DE 81761", 55.1, LAcxHc
532,Tiffany Barker,1976-12-18,"056 Robertson Terrace
Port Michele, MA 45319", 40.0, w1SvXk
533,Michele Vincent,1992-05-28,"PSC 7043, Box 5094
APO AA 48344", 61.7, biUCl5
534,Ryan Mayo,1974-05-28,"964 Kelley Spring Suite 624
Howardstad, GA 68142", 44.4, dIwed5
535,Angela West,1993-08-27,"917 Sherri Tunnel
Michaelmouth, ND 57139", 71.7, Ru5io7
536,Sarah Wilcox,2006-07-24,"126 Sabrina Trail Apt. 313
Michaelland, MI 70409", 61.5, frHJrm
537,Jonathan Carson,1975-08-18,"8611 Hannah Expressway Apt. 522
Millerburgh, MS 22303", 54.2, NbVHqi
538,Emily Fischer,1985-08-30,"23018 Sean Views Apt. 772
South Travisburgh, MI 16253", 62.2, okzhLL
539,Frances Fisher,2000-03-05,"9607 Bowman Trace Suite 179
Littlefort, SD 93339", 52.1, pCuxU4
540,Melissa Cardenas,1994-05-24,"120 Tim Summit Suite 321
Mejiaville, FL 55526", 68.7, LIO2Ks
541,Megan Richards,1977-02-26,"USS Tucker
FPO AE 25161", 72.5, 0V4PBo
542,Lisa Williams,2014-10-24,"91441 Sean Landing
Lake Matthew, CT 45135", 51.9, OOusMw
543,Robert Carey,1998-03-03,"272 Jennifer Lock
Lake Kellyburgh, MO 23275", 54.2, m5ljPe
544,Sharon Perez,2012-08-19,"376 Carter Roads
Randallfurt, WA 33975", 74.6, Qm8nLN
545,Emily Thomas,1978-05-20,"325 Joseph Spring Apt. 020
North Davidbury, WY 53855", 58.5, w5g9fm
546,Russell Russell,1973-04-17,"6905 Jesse Cliffs Suite 468
Port Sandrafort, NV 19784", 61.0, 4Y1OfL
547,Matthew Bullock,2016-04-26,"159 Shawn Corners
Kevinside, AK 32220", 54.7, dIwed5
548,Roberto Walsh,1971-05-04,"55555 Laura Plains
New Melissa, NY 03543", 68.0, 0V4PBo
549,Jordan Johnson,2015-08-15,"922 Andrea Lodge Suite 793
Benderside, WV 47101", 58.4, o4bWe3
550,Brian Stewart,2008-02-05,"4318 Amy Lake Apt. 120
Michaelmouth, ME 45169", 70.1, dS3sLL
551,Christian Reed,1990-08-13,"774 Brock Keys
East Jason, IN 37523", 68.5, V1QUg1
552,Cindy Smith,2010-12-18,"1094 Davis Prairie
South Michael, CA 75969", 64.3, wzh2PR
553,Jason Silva,1984-10-21,"6409 Edward Island
Lake John, VA 68861", 57.4, XNqdE5
554,Christian Jones,1994-04-04,"1492 Lee Islands Suite 466
Christianport, CO 71277", 57.0, Pfob88
555,Sandy Rosales,2020-10-11,"5134 Morgan Islands Apt. 486
East Edward, DC 66185", 51.2, XNqdE5
556,Laurie Moore,1998-08-08,"42427 Wolfe Isle Apt. 994
New Lukestad, NH 36230", 63.9, IQ1uDW
557,Kathy Hamilton,1974-07-22,"Unit 8698 Box 9863
DPO AA 20893", 62.3, biUCl5
558,Cheryl Cantrell,2014-08-25,"47908 Hayes Hill
Sarastad, HI 77288", 43.0, rkB3qQ
559,Mike Newman,1973-03-19,"5456 Miller Landing Suite 297
Lisatown, DC 53328", 64.6, aRDyIr
560,Carol Andrews,1998-09-11,"605 Jacob View
Jenniferton, AK 64085", 42.8, dS3sLL
561,Lori Dyer,2013-07-14,"884 Elizabeth Landing
Torresmouth, NM 20674", 73.2, w5g9fm
562,Kelly Bolton,2014-04-23,"973 Steven Trace Suite 402
Victorberg, MN 30470", 56.8, RPDpSQ
563,Tony Garza,1996-12-20,"3062 Mary Locks
Port April, WV 83414", 64.4, 98i0fW
564,Kimberly Singleton,2004-10-19,"737 William Walk
Lopezfurt, NY 06776", 61.0, Y61Il8
565,Kimberly Lopez,1997-11-19,"393 Schmitt Drive Apt. 431
Conleyview, VT 04937", 61.2, TLnlhe
566,Lori Brown,1978-10-23,"0660 Jeffrey Mills Suite 498
Brianbury, MA 16082", 66.4, fmJaVY
567,Mark Wallace,1975-04-25,"19063 Moore Junction
Murphyview, WA 14889", 63.1, Y61Il8
568,Laura Adams,1981-11-19,"87760 Moore Crescent Apt. 573
Wilsonville, DC 66974", 56.6, CYTyRl
569,Kyle Young,1981-04-12,"0938 Michelle Station Suite 860
Manuelfort, IL 44218", 49.4, rn9YQO
570,Rebecca Eaton,2021-10-26,"517 Barnes Bypass Apt. 292
Fletcherfort, KY 53886", 57.1, NbVHqi
571,Jessica Phillips,2002-06-23,"7405 Price Forks Suite 182
South Tara, MT 16283", 70.7, ycgP1l
572,Michael Baker,1977-03-06,"6514 Jimenez Plain Suite 612
Port Emily, ND 35526", 63.1, hCVgHZ
573,Mark Franklin,2002-09-28,"43095 Virginia Plains
Port Andrewfort, GA 06603", 62.1, 19njNX
574,Kelly Reyes,1970-08-18,"580 Moore Meadows Apt. 724
Lake Kellyton, AR 76798", 72.3, Jf5ftL
575,Angela Kim,1991-06-05,"701 Steven Junction
Reginaview, OH 75804", 84.6, 3LLlH1
576,Jennifer Simpson,2003-02-08,"PSC 8914, Box 3014
APO AA 57135", 70.8, zqHZEb
577,Cody Black,1990-11-04,"Unit 4606 Box 8575
DPO AA 50478", 68.4, Qe5Soo
578,Lynn Hernandez,1973-04-28,"5736 Victor Rapid Suite 314
Loritown, OR 54045", 71.1, 19njNX
579,Marc Wang,2011-07-15,"41122 Stacey Landing
North Laura, MS 45601", 39.4, fDQmdG
580,Lauren Wheeler,2001-05-31,"1762 Jessica Gardens Suite 333
Kelseyberg, LA 75342", 66.9, BwgeK1
581,David Mcgee,1995-03-17,"3752 Jennifer Prairie
Johnbury, MI 23307", 63.3, IiUFlj
582,David Baker,1991-05-29,"54296 Mccann Circles Apt. 119
North Jonathanborough, NY 26009", 66.1, JzM8N3
583,Erik Schwartz,2019-06-09,"8635 Jones Streets Suite 229
Lake Michael, NY 80446", 59.3, dS3sLL
584,Sherry Thomas,2008-08-04,"938 Walker Hills
North Sara, NJ 72548", 76.4, hCVgHZ
585,Charlene Coleman,1982-06-28,"002 Hughes Mountains
Frederickhaven, WI 11344", 64.6, riir8r
586,Michael Dunn,2007-11-12,"0193 Jessica Dale
Rodneyton, OK 07447", 53.7, IiUFlj
587,Joseph Wilson,1974-11-13,"356 Susan Ford Suite 241
South John, UT 37030", 62.8, JzM8N3
588,Travis Peters,2001-03-10,"06689 Juan Mountain
East Heatherville, SC 18804", 72.7, D9HCPH
589,Jordan Mendoza,2000-07-25,"USCGC Vaughan
FPO AE 22500", 66.7, XNqdE5
590,Christopher Barber,2009-08-02,"841 Jackson Mountains Apt. 337
Lake Kelli, OH 96645", 55.8, Jf5ftL
591,Mary Roberts,1974-05-15,"PSC 4480, Box 1810
APO AA 48532", 78.2, Ru5io7
592,Nicholas Baker,2008-06-26,"53690 Phillips Lane
East Chelseaville, MI 67516", 46.5, frHJrm
593,Susan Bentley,2012-04-16,"647 Morgan Falls
South Clifford, CA 79265", 56.3, ptAHRD
594,Jessica Johnson,1986-07-20,"56461 Francis Gateway
Davidside, MN 04853", 65.4, CYTyRl
595,Stephen Ingram,2011-01-19,"9848 Terry Estates
Katieton, AL 63297", 67.1, dIwed5
596,Michael Costa,1977-10-10,"09321 Benjamin Rue
Jonesborough, NE 42119", 63.7, IQ1uDW
597,Vincent Gonzalez,2011-08-30,"22418 Austin Streets
South Johnland, WV 44196", 57.6, dS3sLL
598,William Campbell Jr.,2012-09-24,"274 Kevin Drive Apt. 454
Blackchester, DC 36806", 71.3, 9EABOX
599,Amber Pham,2005-08-29,"97994 Shaun Divide Apt. 051
North Georgeport, WI 54507", 66.3, zqHZEb
600,Jason Chavez,1997-05-29,"07179 Richard Hollow Suite 531
Lake Matthewland, WV 94456", 59.0, EKIymu
601,Rachel Henderson,2016-09-03,"201 Anthony Courts Suite 419
New Shawnmouth, GA 46663", 54.4, W84axc
602,Richard Arellano,1973-05-22,"7867 Kristopher Canyon Apt. 933
Thomaston, KY 72984", 61.1, riir8r
603,John Andrews,2021-03-07,"PSC 2605, Box 3888
APO AE 56243", 63.7, MbyAcu
604,Gregory Wilson,1995-02-04,"189 Smith Manor Suite 863
Traceyshire, VT 77248", 71.7, OkrsJQ
605,Joan Reed,1990-06-30,"00241 Garza Corner Suite 324
Whitakerfort, DE 21259", 64.7, lOxcLg
606,Chad Cooper,2009-10-13,"02808 Thompson Summit Suite 867
New Douglas, IL 25141", 67.3, fDQmdG
607,Robert Jacobs,2006-10-10,"395 Horton Stravenue
Joseport, AL 33609", 72.3, IQ1uDW
608,Jessica Davis,2021-04-16,"09774 Bartlett Ways
Katherineburgh, NM 57005", 55.4, dS3sLL
609,Austin Gaines,2015-11-21,"122 Andrews Freeway
Lake Ianchester, IL 72198", 48.2, TJETNP
610,Elizabeth Taylor,1979-05-24,"802 Cummings Mountains
Davidburgh, CT 64815", 57.8, 02aSUl
611,Susan White,1986-11-27,"56488 Mann Point Apt. 444
East Adambury, WY 29343", 64.2, LIO2Ks
612,Maria Jackson,2010-06-19,"3167 Kimberly Mount Apt. 610
Toddhaven, GA 72616", 53.7, frHJrm
613,Michael Villa,1978-06-19,"4176 Tim Cape Suite 881
West Edward, MS 28026", 64.6, dS3sLL
614,Rachel Johnson,2005-02-27,"11788 Daniel Road Apt. 505
Maryland, MS 26716", 60.7, w63x4F
615,Tiffany Jordan,2018-01-03,"PSC 4897, Box 1336
APO AA 29806", 51.1, EKIymu
616,Curtis Brown,2000-08-15,"234 John Extensions
North John, SD 92469", 59.6, wzh2PR
617,Brian Barker,2013-04-18,"557 Marvin Fields Apt. 814
Ronaldview, AZ 70882", 56.1, biUCl5
618,Brandon Terry,1994-07-14,"57445 Corey Camp
Matthewbury, OH 35413", 55.1, H4kMnO
619,Molly Richards,2010-05-27,"9672 Janet Crossing
Beckerstad, KY 79891", 73.0, biUCl5
620,Glenn Dunn,2007-12-02,"2167 Melissa Shoal Suite 510
Carlmouth, AR 12091", 57.7, Pfob88
621,Audrey Gonzales,1976-01-19,"404 Stephanie Station Apt. 458
Sheabury, ID 46722", 60.4, EO5LDb
622,Tracey Johnson,1998-07-29,"95427 Kenneth Circle
Tammystad, CO 85237", 61.1, EO5LDb
623,Wesley Hall,2018-07-13,"6313 Leslie Ville Apt. 867
South Chelseaton, TX 29889", 48.7, w1SvXk
624,Joseph Berry,1970-01-07,"107 Carmen Pike Apt. 433
Jessicatown, VT 57684", 60.9, nVdtE0
625,John Barry,2015-09-18,"18682 Ariana Square Apt. 451
East Kevinville, WV 78340", 39.8, hYYx5S
626,Jake Hogan,1996-12-05,"USS Hopkins
FPO AE 75859", 64.3, o4bWe3
627,Nicole Roberts,2001-06-08,"7213 Amber Burg Apt. 879
Bakerville, AR 57674", 70.3, AX1CVE
628,Scott Strickland,1991-08-09,"9788 Tammy Alley
Evansville, KS 72655", 62.0, ycgP1l
629,Barbara Huang,1990-10-14,"60530 Andrew Brooks Apt. 200
South Laura, MD 66854", 64.4, dIwed5
630,Philip Riley,2017-10-29,"55128 Cook Ville Suite 161
Gonzalesborough, NM 62442", 82.4, D9HCPH
631,Thomas Guzman,1993-06-05,"7705 Aaron Flat Suite 094
Costaberg, HI 29590", 79.9, O0zZFT
632,Stephanie Delgado,1984-12-22,"Unit 2871 Box 3077
DPO AP 61419", 75.3, mqWXp2
633,Lisa Gray,1979-03-22,"047 Larry Unions Suite 082
Pittmanside, NJ 69270", 72.1, UjmykT
634,David Perry,2001-03-17,"846 Perry Park Apt. 402
Johnview, WA 10498", 58.5, nVdtE0
635,Roger Jennings,1971-10-07,"07525 Christian Lakes Apt. 090
Kristyside, DE 20965", 64.8, Pfob88
636,Joseph Wall,1999-02-18,"8510 Mckenzie Centers
West Garrett, NM 37534", 47.8, S77oqT
637,Susan Perez,1979-01-01,"8653 Michelle Parks
Bradleymouth, AK 97459", 74.5, 0V4PBo
638,Richard Orozco,2017-06-19,"8574 West Lake Apt. 325
Matthewsborough, NJ 34301", 63.1, dIwed5
639,David Smith,1980-07-23,"5458 Escobar Vista
Stevensbury, TN 43069", 63.9, pCuxU4
640,Jacqueline Myers,2019-09-15,"80654 Rodriguez Views Suite 158
Butlerview, SD 07821", 56.4, 9EABOX
641,Brenda Goodman,1987-12-09,"657 Baker Prairie Apt. 604
New Kimberly, ND 56147", 55.5, zqHZEb
642,Julie Lewis,2019-01-01,"09873 Espinoza Mountain Apt. 441
Martinezberg, IN 90059", 68.0, vRNj5l
643,Jeffrey Ibarra,1978-08-23,"34781 Mary Pines
Lake Kyleburgh, MS 09143", 70.4, LIO2Ks
644,Donna Johnson,2000-05-11,"6340 David Field Suite 476
West Amybury, PA 23200", 45.3, XNqdE5
645,Susan Williams,1975-03-04,"Unit 3343 Box 2925
DPO AP 83829", 64.2, g31PPR
646,William Martin Jr.,1971-02-25,"915 Russell Harbors Suite 985
South Tracyfort, SC 66522", 69.0, Pfob88
647,Danielle Williams,2019-10-13,"349 Douglas Trail
Chloefort, ME 44341", 62.1, LAcxHc
648,Carol Ferguson,1973-11-06,"Unit 6189 Box 6293
DPO AA 93670", 62.3, AX1CVE
649,Sara Chambers,2007-08-30,"209 Gonzalez Centers Suite 466
Lake Ryanshire, LA 17089", 54.9, Gyxk3J
650,Stephen Sanchez,1984-08-25,"0885 Obrien Locks Suite 522
Claystad, MS 17760", 66.9, NbVHqi
651,John Jones,1976-06-30,"1891 Lopez Stravenue
Port Christineberg, TX 87007", 77.8, 0tkjLM
652,Tracy Smith,2006-09-09,"42292 Matthew Extensions
Jamieshire, CT 54690", 56.0, Qm8nLN
653,Brandon Smith,1970-09-06,"0301 Luke Parks
Colleenburgh, ME 40343", 63.1, tmSsH1
654,Benjamin Rangel,2004-04-12,"39660 Thornton Lodge Suite 812
Port Amanda, MS 17082", 59.3, Gyxk3J
655,Jasmine Johnson,1982-09-12,"63208 Patricia Knolls
East Larry, ID 34421", 43.3, vRNj5l
656,Zachary Munoz,1990-03-03,"3037 Wright Ville Suite 202
East Kathrynmouth, OH 43793", 57.9, 3GcCoj
657,Wayne Barnes,2007-08-03,"Unit 2930 Box 4933
DPO AA 97515", 37.3, 3LLlH1
658,Shelly Stewart,1992-05-02,"681 Smith Union
Krystalview, MA 21018", 45.5, ycgP1l
659,Justin Mack,2008-10-22,"377 Elizabeth Pike
Ronaldstad, MN 16873", 66.5, Ru5io7
660,Kelly Mcdonald,1970-10-02,"5052 Lambert Lodge Apt. 293
North Julie, WV 28495", 69.7, Vj8Xqw
661,Matthew White,1999-03-23,"969 Ellen Corners Suite 924
West Daniel, ME 45874", 65.9, rkB3qQ
662,Kristen Ortiz,2010-09-21,"59671 Greene Station Suite 141
Bennettmouth, NV 10637", 71.3, 3GcCoj
663,Todd Moody MD,1984-04-30,"57311 Boyd Overpass Suite 125
Nelsonfort, IA 38711", 57.9, F8zFPh
664,Duane Wang,2006-02-11,"1225 Julie Ridge Apt. 163
Jonesfort, NV 64011", 70.2, Q3XXfm
665,Kyle Evans,1975-12-04,"51785 Gray Lock Suite 153
Christinehaven, UT 37472", 76.3, O0zZFT
666,Herbert Sanders,1979-05-31,"7327 Hernandez Plain
Bentonchester, ID 66991", 63.1, Jf5ftL
667,Alexander Ward,1994-03-30,"3699 Vicki Summit
Sanchezside, NH 61990", 46.2, W84axc
668,Kristin Morris,2016-05-29,"7570 Stephanie Mall Suite 161
North Sandra, NJ 36441", 70.7, aRDyIr
669,Taylor Stephens,1980-12-09,"796 James Row
Phillipsbury, OK 89771", 71.9, riir8r
670,Jennifer Price,2020-09-25,"3220 Diane Wall Apt. 735
Evansside, MN 78278", 65.1, Qm8nLN
671,Mark Potter,1979-07-26,"12387 Molina Manor
Smithchester, MT 28740", 48.4, m5ljPe
672,James Harris,1978-01-25,"7620 Bradford Loop
South Nicole, WV 69259", 48.2, PB5Nl5
673,Jennifer Reed,2009-05-30,"675 Julie Alley
Allenview, NM 92979", 58.5, ptAHRD
674,Adrian Meyer,1995-05-05,"1665 Woods Shoal Apt. 365
Torresview, MO 21539", 73.5, FJO3kE
675,Adrienne Young,1983-06-23,"11740 Susan Club
Robertchester, TX 37239", 59.6, CCJNmf
676,David Odonnell,2017-06-26,"9767 Sanders Canyon Apt. 729
Castrochester, HI 56248", 61.5, LIO2Ks
677,Alexis Gutierrez,2010-10-14,"USCGC Martin
FPO AA 14907", 49.7, 3GcCoj
678,Lisa Hoffman,2012-09-13,"33371 Lyons Drives Suite 653
West Sharon, CO 86040", 53.0, EO5LDb
679,Nathan Small,1983-07-20,"67522 Green Inlet Apt. 200
Snyderview, IN 87948", 47.7, F8zFPh
680,Luis Montgomery,2013-08-05,"78479 Sandra Heights
Hillton, SC 03922", 47.6, PB5Nl5
681,Sherry Ward,1989-01-09,"16905 Gates Land Apt. 255
Jeffreyside, CT 44587", 53.0, zqHZEb
682,Kim Weaver,1981-05-17,"398 David Circle Apt. 649
South Douglasland, MN 75895", 56.0, V1QUg1
683,David Rowe,1987-11-04,"720 Carol Extensions Suite 091
Normaland, VT 38249", 68.1, ycgP1l
684,Nathan Young,1982-11-28,"1366 Yu Squares
West Kevinview, MN 13495", 45.2, fmJaVY
685,Daniel Frazier,2000-03-13,"44635 Jacob Expressway Suite 261
Zavalafurt, AZ 81319", 48.2, vRNj5l
686,William Kramer,2015-01-07,"085 Lance Turnpike
Lake Christopherbury, DC 60959", 72.3, f3gYza
687,Casey Castillo,2018-01-02,"585 Medina Oval Apt. 179
Port David, NM 45333", 62.1, IQ1uDW
688,Daniel Mcclain,2004-09-15,"919 Simpson Loop Apt. 536
North Derek, CO 17332", 83.8, O0zZFT
689,Melinda Jones,2017-02-22,"70453 Mark Rue Apt. 782
Lake Tiffanybury, IA 67221", 69.6, TJETNP
690,Crystal Copeland,2020-06-17,"79555 Deborah Forks Apt. 975
East Dylanland, KS 05399", 56.2, EpAiVO
691,Kurt Townsend,1990-03-04,"7682 Jennifer Pines
North Emilyhaven, RI 63527", 56.7, Vj8Xqw
692,Susan Mcbride,2018-03-09,"3741 Hines Run
Lake Sandra, NE 31693", 43.3, w1SvXk
693,Brandon Thomas,2010-07-18,"USCGC Peterson
FPO AE 18343", 93.1, 0tkjLM
694,Brooke Clark,1996-04-02,"5291 Brooks Lake
Heidiview, WV 73472", 52.2, vRNj5l
695,Erin Nash,1984-03-30,"9234 Thompson Centers
Josephmouth, CO 31886", 51.7, W84axc
696,Zachary Sutton,1985-10-29,"8435 Kaylee Trail
New Davidmouth, VA 79150", 66.4, ZibEoC
697,Jenna Henderson,2000-09-20,"Unit 1121 Box 9179
DPO AE 15662", 69.4, mX35xB
698,Linda Weber,2006-04-23,"2456 Carla Path Apt. 010
Conwayton, SD 95221", 64.9, m5ljPe
699,Lisa Jones,1976-03-03,"867 Robert Rapid
Michaelview, RI 27873", 56.2, w1SvXk
700,Lucas Miller,1972-10-29,"50503 Jason Haven Apt. 142
Lake Heatherberg, DC 89573", 65.8, MbyAcu
701,Nicole Nicholson,1980-08-12,"8147 Ramirez Lane Apt. 382
Waltermouth, TX 80488", 45.1, I2mcAk
702,Brandon Webb,2021-08-28,"87732 Barbara Harbor Suite 333
Samuelton, ID 87906", 69.3, nVdtE0
703,Elizabeth Parker,1995-07-09,"9441 Johnston Villages
Donnamouth, MT 27040", 63.5, w1SvXk
704,Diane Thompson,1992-01-23,"103 Jimenez Curve
North Kevin, ME 96633", 57.4, Pfob88
705,Kenneth Sanchez,1989-08-07,"550 Ann Summit
New Josefurt, MS 68945", 37.5, Vj8Xqw
706,Linda Wright,1976-03-05,"388 Bartlett Point
Penaview, KS 91247", 67.9, s3NLvy
707,Christine Holden,1988-06-22,"USNV Campbell
FPO AE 92806", 73.1, s3NLvy
708,Nathan King,2010-06-13,"418 Harris Rapid
Eriktown, ND 62344", 59.5, IQ1uDW
709,Rebecca Johnson,2008-09-04,"8541 Hill Oval
North Scottstad, WI 41735", 58.1, 0tkjLM
710,Tina Carlson,1988-01-18,"142 Alyssa Via
Riveraport, VA 68033", 55.6, OOusMw
711,Angela Ramirez,1982-06-25,"Unit 6493 Box 9811
DPO AE 70577", 69.2, w63x4F
712,Eric Riley,2017-06-14,"263 Valerie Dam
Michaelberg, HI 06881", 68.5, ptAHRD
713,Cory Pearson,1972-05-14,"5568 Anna Mount Suite 811
West Brittanyshire, NC 07316", 53.7, 3OiwTr
714,Thomas York,1970-02-27,"7913 Martin Fort Suite 289
Brittanytown, TN 73158", 68.6, 9EABOX
715,Christopher Allen,1997-02-06,"Unit 2221 Box 3679
DPO AA 88613", 72.3, nVdtE0
716,Jennifer Davis,1971-02-07,"768 Brewer Hills Suite 998
New Carlosport, IL 06422", 56.4, dIwed5
717,Victoria Ramsey,1991-09-12,"USNS Cuevas
FPO AP 31837", 77.2, KdtstA
718,David Thomas,1976-04-10,"580 Amanda Cape
Rayshire, NJ 91268", 86.3, o4bWe3
719,Valerie Rodriguez,1995-02-01,"00425 Dawn Square Suite 294
Ryanmouth, CT 53316", 72.5, LoAgyI
720,Joshua Williams,1973-10-01,"411 Marcia Mountain
Michaelshire, ND 04696", 60.4, rn9YQO
721,Scott Lee,2017-11-08,"PSC 0927, Box 9704
APO AE 91722", 63.5, lOxcLg
722,Abigail Perez,2000-10-17,"001 Phillips Locks Suite 793
West Crystalhaven, IA 86611", 66.7, vRNj5l
723,Mark Cunningham,1985-04-05,"64269 Franklin Stravenue Suite 025
South Darryl, VT 22397", 67.3, hCVgHZ
724,Mary Hill,1996-06-02,"1162 Angel Plaza
East Michaelburgh, NY 33487", 62.3, IiUFlj
725,Stephanie Mendez,2007-07-15,"18142 Chapman Knoll
Gutierrezmouth, FL 17719", 47.8, bi4bd5
726,Nicole Warner,1988-05-28,"07434 Brown Path Apt. 182
Jessicatown, NV 46133", 75.0, I2mcAk
727,Barbara Sanchez,1992-10-08,"32894 Christopher Valleys Apt. 383
East James, NH 49620", 56.9, S77oqT
728,Brian Hicks,1995-11-08,"USS Morris
FPO AE 53155", 61.4, D9HCPH
729,Scott Craig,1989-03-10,"1916 Schaefer Junction Suite 273
Port Jonathanhaven, OH 91257", 82.4, VeRlBr
730,Jesus Peterson,2000-04-08,"5025 Wagner Skyway Suite 627
Lake Sandra, NY 38477", 83.4, RPDpSQ
731,Anne Davis,1992-03-12,"76670 Lewis Station
New Megan, KY 43606", 69.8, ogQ7gl
732,Jason Hines,2017-06-24,"684 Brittany Stream Apt. 011
West Anna, CT 97820", 60.0, LAcxHc
733,Ashley Mann,1975-04-14,"9259 Bonnie Grove
Smithchester, MN 95551", 61.6, trxveH
734,Dalton Hawkins,1986-10-01,"2277 Peterson Brook Suite 406
Lisafurt, WY 85073", 60.5, ycgP1l
735,Nicole Pratt,1977-02-22,"836 Paul Prairie
Josephmouth, ME 29781", 62.1, cc2fja
736,Robin Price,2012-10-16,"0177 Smith Track Apt. 503
Lisachester, CT 33698", 56.7, hYYx5S
737,Sharon Wagner,2020-10-19,"62775 Stephen Port
East Lisa, WY 09476", 61.8, vRNj5l
738,Nathan Jones,1993-10-26,"22116 Lori Drive Suite 296
Clarkberg, ND 29841", 64.5, m5ljPe
739,Gina Adams,1978-12-10,"Unit 1855 Box 2339
DPO AA 72959", 68.9, NbVHqi
740,Angela Estrada,2013-07-18,"9861 Stephanie Drives Suite 424
West Matthewfurt, ME 91385", 63.6, lOxcLg
741,Derrick Williams II,2010-04-15,"290 Garcia Ridge Apt. 107
Chadbury, OH 54312", 80.8, Qm8nLN
742,Kelly Hull,2009-09-14,"485 Cox Manors Suite 879
Port Caitlin, WA 59961", 51.6, w1SvXk
743,Thomas Barker,1973-12-22,"PSC 9549, Box 0587
APO AA 60841", 52.7, dS3sLL
744,Mary Campbell,2002-01-06,"5799 Joseph Village
Port Roberto, IL 66317", 58.0, pCuxU4
745,Jennifer Barber,2020-11-08,"38677 Robert Coves
Anthonyland, MD 39613", 55.5, hYYx5S
746,Stacy Mcmahon,2012-08-18,"045 Evans Crescent Suite 076
Davidport, TX 31269", 47.3, bi4bd5
747,Kaitlyn Barnes,2011-12-24,"61965 Sanford Cliffs
Jonathanport, VT 92186", 82.0, IQ1uDW
748,James Lopez,1980-12-25,"4157 Benjamin Bypass
Kyleburgh, MA 47335", 60.2, Gyxk3J
749,Paul Herrera,2013-08-25,"789 Benjamin Union
North Diane, NJ 99360", 78.8, m5ljPe
750,Shane Bennett,2012-03-04,"755 Schroeder Mission Apt. 895
West Susan, NM 93824", 68.8, 0tkjLM
751,Frank Jackson,2016-12-18,"3259 Holly Locks Suite 960
Antonioberg, IA 91936", 60.6, Gyxk3J
752,Allen Pace,1988-06-23,"994 Scott Street
South Meghanport, WY 85427", 57.7, ccQ3Ih
753,Henry Cortez,1987-06-23,"PSC 4655, Box 2556
APO AE 88905", 70.9, kUk2nR
754,Rachel Bell,2020-04-24,"664 Angela Roads Suite 131
West Jonathan, FL 25575", 71.1, 9EABOX
755,Meredith Yates,1988-10-18,"5873 Lewis River
Port Amandaside, LA 83783", 64.3, 0V4PBo
756,Morgan Walker,1989-06-14,"64683 Brian Pines Suite 689
Mcdowellshire, HI 67776", 47.8, TJETNP
757,Frank Heath,2018-02-22,"USCGC Boyd
FPO AP 87198", 50.3, Gyxk3J
758,Lori Hendricks,1995-11-19,"601 Jose Junction
Rossburgh, RI 51844", 62.7, 3GcCoj
759,Andrea Keith,1997-08-08,"8553 Christopher Expressway Suite 271
West Amy, CO 48972", 62.1, mX35xB
760,Joseph Cox,1972-11-17,"1468 Taylor Trail Apt. 099
Stewartport, PA 96390", 62.0, K5W6uN
761,Jason Anderson,2014-06-27,"3347 Ryan Crest Suite 194
Barrystad, TX 45076", 59.5, 0V4PBo
762,Sean Powell,2002-08-10,"1318 Meghan Ramp Suite 248
Gonzalezton, HI 16139", 54.9, F8zFPh
763,Samuel Hicks,1982-12-24,"616 Jenkins Pines
North Zachary, KY 75306", 57.4, S77oqT
764,Alexandria Harrison,1974-12-15,"959 Franklin Cliffs Suite 989
New Jason, UT 74910", 74.2, IQ1uDW
765,Aaron Randolph,2004-11-12,"83096 White Flat
New Chadmouth, SC 78450", 69.2, nVdtE0
766,Jessica Chang,1976-06-24,"56866 Dillon Route
Jaredport, NJ 04849", 75.0, zqHZEb
767,Ms. Diamond Young,2021-07-02,"6619 April Islands Apt. 946
Veronicaport, AR 62000", 60.0, bi4bd5
768,Ashley Wallace,1975-11-10,"42790 Julia Course Apt. 904
West Carlaport, OH 82437", 52.8, ogQ7gl
769,Mark Figueroa,1994-09-21,"Unit 7190 Box 0195
DPO AP 47190", 64.2, 3OiwTr
770,Colleen Watkins,1988-12-05,"13561 John River Apt. 502
Burnsbury, MO 42432", 48.3, f3gYza
771,Amanda Manning,1993-08-20,"Unit 2007 Box 5270
DPO AE 35639", 68.7, KdtstA
772,Rachel Jones,1997-01-14,"315 Ibarra Mills
Port Christopher, SD 84400", 69.3, Qm8nLN
773,Carla Walton,2002-07-30,"401 Michael Valley Suite 763
East Sabrina, KY 96898", 58.8, ccQ3Ih
774,Kerry Ford,1985-07-27,"709 Susan Points Apt. 135
Hintonton, CT 82594", 57.3, 0tkjLM
775,Jared Walls,1999-06-26,"4689 Taylor Key
Danielleberg, MD 37797", 56.3, fgft04
776,Frank Young,1995-09-18,"41452 Rebecca Turnpike Suite 710
South Laurenmouth, WI 52433", 61.1, 3OiwTr
777,Jennifer George,2009-05-23,"7869 Burke Orchard
Riosville, TX 42029", 51.4, fgft04
778,Lance Lewis,1990-06-12,"41006 Johnson Ranch
East Zacharyborough, NV 43593", 63.4, mqWXp2
779,Richard Daniel,1998-07-12,"029 Christopher Mountain
Robertmouth, AR 42287", 46.6, dS3sLL
780,Brittany Bridges,1971-05-29,"29931 Roy Estate
North Johnland, NM 73939", 84.7, I2mcAk
781,Sheri Flynn,2019-05-31,"14510 Woods Greens Apt. 418
New Kimmouth, DE 29445", 65.3, NbVHqi
782,Kelly Ferguson,1992-08-11,"281 Jennifer Terrace Apt. 998
Watsonview, OH 07995", 61.9, AX1CVE
783,Patrick Ward,1998-04-06,"38981 Mosley Summit Suite 573
Shaneville, MT 24461", 54.5, wzh2PR
784,Robert Miller,1999-09-10,"1569 Buchanan Camp
South Amy, AR 55829", 50.1, pCuxU4
785,Linda Hall,2012-05-29,"07376 Bonilla Prairie Suite 318
Angelaburgh, TN 50347", 64.5, S77oqT
786,Richard Barnes,1993-09-16,"8384 Moss Valleys Apt. 719
Tonyside, WV 33410", 53.9, FJO3kE
787,Sheryl Hicks,1985-08-14,"433 Tamara Union
North Melissa, MT 35168", 56.3, CCJNmf
788,Chad Dickerson,2009-11-28,"34821 Michael Roads
Francisstad, AZ 00604", 75.1, H4kMnO
789,Leah Woods,1976-03-13,"9469 Catherine Prairie Suite 230
Port Crystal, NC 69419", 66.4, fDQmdG
790,Steve Smith,1972-08-20,"999 Williams Terrace
Richardstown, OR 62096", 78.2, aRDyIr
791,Heather Watson,1973-08-20,"473 Lee Island Apt. 510
Christyhaven, WV 88049", 74.7, EO5LDb
792,Sandy Miller,1989-01-29,"67779 Richard Crescent Apt. 020
West Nancy, KS 28486", 63.5, 9EABOX
793,Jessica Jensen,2005-12-11,"983 Maria Corners
West Brianna, FL 83391", 57.4, ptAHRD
794,Mark Sandoval,2013-11-24,"2558 Wanda Divide Apt. 024
Port Brianton, SD 33251", 46.7, W84axc
795,Jeffery Yates,1981-05-11,"86887 Michael Grove Suite 037
Ralphstad, MN 98442", 67.7, JzM8N3
796,Mrs. Cynthia Scott,2017-02-19,"466 Mckinney Spring Apt. 046
South Sheenaburgh, AR 17951", 64.8, TJETNP
797,Jennifer Mejia,1982-08-08,"0179 Rose Isle Apt. 257
Port Bethborough, LA 18062", 46.1, EpAiVO
798,Rick Church,2009-09-14,"23881 Fox Spring Apt. 269
Garciamouth, WV 12806", 60.8, K5W6uN
799,Gregory Rivera,1979-02-01,"PSC 6737, Box 5412
APO AE 99168", 57.8, dS3sLL
800,Bryan Figueroa,1982-02-14,"567 Willie Grove
North James, NM 62721", 65.3, bi4bd5
801,Richard Lane,2004-08-10,"37985 Burns Station Apt. 125
Port Timothyside, AL 95760", 70.5, w1SvXk
802,Mrs. Dawn Foster,1988-01-04,"3154 Walker Port
Jordanshire, TN 47261", 64.3, ycgP1l
803,Kyle Nash,1978-02-10,"073 Clark Glens
New Brooke, SC 07246", 70.8, hCVgHZ
804,Barbara Reyes,1983-07-19,"4899 Taylor Circles Apt. 197
Belltown, OR 39898", 69.4, Y61Il8
805,Alicia Wilson,1994-04-18,"USCGC Campbell
FPO AE 98252", 76.4, Qe5Soo
806,Misty Black,1991-12-21,"810 Susan Forges
West Stephanie, MS 68497", 70.7, TJETNP
807,Bryan Kelley,2000-09-11,"8841 Thomas Unions Apt. 313
Hubbardchester, FL 34483", 53.2, K5W6uN
808,Mr. Carl Fisher,1980-05-25,"6475 Michael Summit
Port Amandahaven, NE 85307", 41.8, trxveH
809,Emma Graham,2020-09-14,"448 Oliver Island
New Amandaview, RI 58714", 82.2, dIwed5
810,Eric Taylor,2018-05-29,"055 Patel Crescent
South Kaitlynstad, UT 00919", 78.2, TLnlhe
811,Matthew Howard,2013-06-08,"464 Thomas Station Apt. 654
North Alicemouth, FL 28500", 65.5, K0w6hD
812,Brent Townsend,2013-08-24,"848 Clarence Rue Suite 374
East Amandaville, OH 82462", 60.0, hCVgHZ
813,Whitney Hester,2017-09-26,"29556 Yang Center Suite 919
New Alexisside, NE 78479", 57.4, bi4bd5
814,Nicole Lewis,1998-01-12,"PSC 6624, Box 9429
APO AE 83191", 70.4, ogQ7gl
815,Logan Farley,2003-12-20,"60373 Brittany Plaza
Lake Nicholas, PA 72823", 67.3, IQ1uDW
816,Kevin Brown,1990-03-13,"6406 Garcia Mission
Lake Josephside, OH 57433", 61.5, LAcxHc
817,Linda Burke,2008-09-13,"00687 Nicole Row
Thompsonmouth, OK 15397", 53.0, Qe5Soo
818,Stephen Smith,1987-09-19,"3059 Valerie Junctions
Lake Jesse, DE 39978", 54.3, ZibEoC
819,Nicholas Williams,1996-03-10,"USNS Gonzales
FPO AP 20904", 63.2, EKIymu
820,Carla Warren,2015-02-07,"3191 David Glen Apt. 043
New Linda, PA 32736", 61.7, MbyAcu
821,Rodney Lowe,1990-07-08,"USS Hall
FPO AE 92631", 64.8, V1QUg1
822,Michelle Pollard,2001-03-22,"76677 Jennifer Station Apt. 658
Thomasberg, AR 90598", 50.8, biUCl5
823,Angela Williams,2014-06-10,"015 Aguirre Drive
Lake Kyleburgh, NV 74433", 49.2, VeRlBr
824,William Peterson,1976-02-28,"31629 Crystal Trail Suite 595
Ashleeside, NE 21626", 70.3, FJO3kE
825,Brian Alexander,1987-11-04,"344 Walker Walks Apt. 220
Toddport, DC 91524", 50.9, JzM8N3
826,Ann Doyle,2015-02-22,"PSC 0173, Box 8683
APO AE 76658", 57.8, Q3XXfm
827,Jim Wagner,2018-10-16,"4148 Anita Manor
West Katherine, MI 38619", 70.2, ccQ3Ih
828,Diana Delgado,2015-07-24,"73539 Vincent Centers
Jamieshire, VA 67040", 64.5, S77oqT
829,Jessica Grant,1995-05-21,"1278 Erika Circles
Samanthaside, AK 51807", 64.9, PB5Nl5
830,Bethany Johnson,2019-01-29,"301 Eric Fields Apt. 052
Serranostad, GA 91303", 53.6, ycgP1l
831,Mrs. Elizabeth Murphy,1982-06-01,"1350 Kelley Turnpike Suite 552
West Monique, WA 86841", 59.7, RPDpSQ
832,Mr. Michael Bridges,1990-03-18,"331 Everett Harbor Suite 799
Williamton, CT 61438", 62.4, OkrsJQ
833,Michael White,1981-10-08,"1183 Ryan Walks Apt. 432
New Stevenfurt, MI 48528", 61.8, fgft04
834,Kimberly Miller,2009-05-15,"95565 William Unions Suite 403
Cabrerachester, ID 65866", 76.7, 3LLlH1
835,Bruce Young,1980-07-11,"475 White Inlet
South Toni, OR 81445", 57.7, Qm8nLN
836,Theresa Lawson,2007-12-07,"675 Taylor Summit
Irwinfort, DC 40504", 70.1, wzh2PR
837,Stephen Duncan,2005-02-05,"11513 Morales Rapids
South Theodore, FL 57388", 72.5, OOusMw
838,Carl Weeks,2021-07-15,"Unit 2076 Box 4327
DPO AP 96922", 49.0, LoAgyI
839,Justin Stanton,1991-10-21,"USNV Rose
FPO AP 41703", 62.9, 9EABOX
840,James Miller,2000-04-30,"7532 Briana Manors
Mooreview, KY 22923", 51.6, Q3XXfm
841,William Marsh,1996-03-21,"3540 Cobb Fords Suite 476
West Timothyburgh, MO 05766", 67.6, s3NLvy
842,Edward Herring,1981-02-21,"24640 Daniel Branch Apt. 677
West Caleb, NJ 21909", 49.5, vRpqIZ
843,Debra Johnson,1977-07-03,"Unit 7563 Box 5561
DPO AP 12501", 57.1, hYYx5S
844,Mark Clark,1995-06-09,"4271 Amy Plains
Melissashire, NH 08817", 51.1, OOusMw
845,Renee Morris,2020-08-01,"302 Nguyen Loop
South Ryanchester, NJ 82978", 54.5, IiUFlj
846,Jennifer Bishop,1979-07-02,"USCGC Peterson
FPO AE 79789", 60.6, Vj8Xqw
847,Elizabeth Ryan,2003-05-30,"5409 Timothy Inlet Apt. 872
West Jessica, KY 98333", 47.4, H4kMnO
848,Kathleen Lawrence,1991-08-08,"4646 Manning Dale
South Alexander, OR 07697", 73.6, LAcxHc
849,Emily Brown,1979-09-25,"2112 Alexander Center
Kennethshire, NV 16129", 50.1, wXjSZM
850,Sharon Nguyen,1999-06-05,"072 Schroeder Track Apt. 076
Lake Kevin, WV 08094", 63.0, F8zFPh
851,Scott Allen,2012-12-24,"101 Sean Plain Suite 607
Lake Jessica, WI 46191", 54.6, LAcxHc
852,Vincent Alvarado,2012-07-29,"542 Jared Creek Apt. 139
Burgessport, SD 62608", 68.4, kUk2nR
853,Allison Johnson,2020-05-29,"288 Hernandez Courts Suite 983
East Melinda, NY 89827", 66.2, 9EABOX
854,Bradley Carpenter,1982-07-13,"5064 Yu Mountain Apt. 685
Robinsonborough, WI 93661", 62.6, W84axc
855,Ashley Hudson,2008-09-07,"1172 Kyle Ville
New Kyleburgh, NC 40832", 73.2, S77oqT
856,Rebecca Williams,1982-11-24,"519 Heather Terrace
South Monica, NM 83577", 87.8, wzh2PR
857,Jennifer Valdez,2006-01-19,"577 Donna Alley
Smithchester, VT 46447", 37.6, IQ1uDW
858,William Thompson,2001-10-19,"USS Clay
FPO AE 07228", 66.1, Y61Il8
859,Martin Gay,2011-10-23,"583 Hansen Neck Suite 686
North Anthonyton, SD 39325", 47.6, tmSsH1
860,Paul Johnston,1985-06-26,"507 Alvarez Light Apt. 173
South Heatherport, AK 16754", 60.7, H4kMnO
861,Yolanda Thomas,1976-07-12,"0034 Rodriguez Square Suite 103
Port Robert, IL 68798", 50.6, rn9YQO
862,Jeffrey Jones,1970-04-12,"8903 Russell Viaduct
Millerport, LA 83602", 55.4, g31PPR
863,Emily Hall,2010-01-22,"PSC 9628, Box 6004
APO AA 87725", 54.2, EO5LDb
864,Tammy Castaneda,2003-03-11,"76990 Figueroa Skyway Apt. 252
East Nathaniel, CO 27906", 51.7, 0V4PBo
865,Michael Phillips,1983-09-28,"84784 Simmons Ports Apt. 190
South Eduardo, IN 60637", 60.9, AX1CVE
866,Cassandra Mccullough,1981-01-06,"482 Colin Lock Suite 772
Port Loriberg, AK 15172", 39.9, IiUFlj
867,Heidi Smith,1981-09-08,"4645 Alexis Summit
West Bethhaven, NH 83421", 62.7, ycgP1l
868,Carlos Hayes,2013-04-29,"963 Andrew Cliff Suite 666
Port Marcus, MS 38904", 85.8, fmJaVY
869,Melissa Dyer,2004-03-26,"3051 Michael Trail Suite 504
Lauriechester, KS 08926", 54.6, D9HCPH
870,Erin Smith,1985-04-13,"6719 Theresa Roads Suite 008
Johnside, DC 83164", 33.6, FJO3kE
871,Alexander Ellis,1980-02-21,"4423 Tucker Ville Suite 256
New Jonathanside, MO 32486", 49.2, BwgeK1
872,Jenna Fitzpatrick,1994-08-25,"69783 Montgomery Forge
South Cheryl, CT 36537", 79.6, LAcxHc
873,Sarah Foster,2012-02-10,"3427 Bond Ford Apt. 015
Hallbury, AL 01267", 64.0, MbyAcu
874,Jesse Proctor,1987-06-11,"USCGC Shea
FPO AA 52812", 74.2, Pfob88
875,Donna Freeman,2008-01-30,"557 Hester Lakes
East Tonyhaven, WY 46552", 52.4, s3NLvy
876,Angel Henry,1989-10-20,"29972 Steven Loaf
East Monicaport, MN 21247", 62.6, ycgP1l
877,Jay Garza,1975-06-22,"3196 Kline Centers Suite 829
Williamshaven, WV 78314", 54.6, dIwed5
878,Christina Brown,1970-03-15,"Unit 8539 Box 4021
DPO AE 52219", 60.9, RPDpSQ
879,Daniel Garza,1975-12-19,"35881 Peterson Vista Apt. 800
Moralestown, MS 71447", 68.6, w63x4F
880,Debbie Wheeler,1996-07-10,"20710 Dana Street Suite 213
Staceymouth, WY 31190", 67.8, EKIymu
881,John Deleon,1984-01-29,"69424 Gordon Trace
Nathantown, SD 43605", 64.8, ZibEoC
882,Laura Cox,1999-08-03,"141 Blankenship Haven Apt. 717
Smithport, LA 01708", 75.6, 98i0fW
883,Gary Hammond,2015-06-02,"96753 Joseph Burgs
South Kevin, NM 83047", 53.8, tmSsH1
884,Michael Alexander,1984-01-22,"Unit 9265 Box 6161
DPO AE 37658", 60.9, O0zZFT
885,Samuel Brown,2011-12-19,"323 Wright Parks Apt. 166
New Erica, OH 48468", 58.9, BwgeK1
886,John Merritt,2007-10-06,"72793 David Shore
Port Ryanhaven, UT 67229", 72.6, 9EABOX
887,George Shaw,1983-08-17,"55731 Cindy Mall
Pamelashire, MS 10390", 71.4, trxveH
888,Sandra Rice,2009-11-26,"830 Douglas Unions Apt. 686
South Adrian, PA 42341", 67.7, O0zZFT
889,Michelle Carroll,1974-12-22,"12920 Johnson Tunnel Suite 041
Mirandamouth, LA 66390", 70.9, kUk2nR
890,Angelica Herman,1975-05-03,"5752 Corey Plain Suite 962
North Kevinborough, CT 03831", 68.9, nVdtE0
891,Lauren Patterson,1971-11-08,"90049 Silva Islands Apt. 259
East Christopher, NV 46356", 54.0, TJETNP
892,David Walker,1982-06-01,"4513 Bailey Corner
East Kevin, TX 54405", 59.8, vRNj5l
893,Tina Hines,1971-05-09,"659 Alicia Rest Suite 074
Port Ashleymouth, PA 22574", 64.5, fmJaVY
894,Jason Green,2013-12-05,"14325 Smith Parkways
Courtneyport, MT 60089", 65.7, TJETNP
895,Ryan Arnold,1997-10-02,"788 Juan Inlet Suite 167
North Maryhaven, CA 43690", 53.9, OkrsJQ
896,Amber Barker,2008-02-16,"404 Danielle Valley Suite 472
North Jenna, AR 51002", 75.0, okzhLL
897,Kathryn Lopez,2001-09-12,"11597 Alexander Crossroad
Mcgeeberg, SD 71058", 76.5, NbVHqi
898,Tony Taylor,2009-11-14,"687 Christina Prairie Apt. 902
Rodriguezhaven, LA 14246", 56.8, I2mcAk
899,Daniel Carroll,2019-10-12,"9557 Ingram Loaf
North Stephen, ME 61933", 61.4, 4Y1OfL
900,Corey Bradshaw,2018-07-17,"735 Bryant Trail
Ericksonchester, TX 42991", 56.1, rkB3qQ
901,Maria West,2017-03-06,"69752 Welch Tunnel
Jamesborough, UT 16576", 63.4, Jf5ftL
902,John Campbell,1981-04-06,"USNS Hughes
FPO AA 20019", 67.0, K0w6hD
903,Stephen Tate,1982-03-18,"09812 Brenda Centers
West Robert, ME 25909", 49.1, Pfob88
904,Sarah Rasmussen,2020-02-07,"7966 Samuel Garden
Lake Kylieport, NV 00848", 58.8, w63x4F
905,Arthur Kirby,1983-01-23,"051 Jerry Lake
Cardenasville, MA 53244", 55.0, cc2fja
906,Elizabeth Wade,2000-10-08,"1616 Reyes Drive Suite 085
Carterberg, IA 05938", 71.0, RO6DyO
907,John Vasquez,2006-03-26,"214 Smith Vista
Dawsonborough, IA 26502", 67.4, trxveH
908,Stephen Blanchard,2005-04-13,"0760 Smith Meadows Suite 731
New Benjamin, PA 10910", 51.6, Vj8Xqw
909,Jessica Cortez,2018-07-04,"91770 James Route Suite 491
East Christopher, GA 19336", 75.4, 4Y1OfL
910,Lynn Hernandez,1976-10-01,"415 Allison Estate Apt. 871
Leeborough, CT 99864", 57.8, ycgP1l
911,Sonya Bright,1999-03-01,"710 Brian Isle Apt. 188
Richardsonfort, PA 29832", 62.0, 0tkjLM
912,John Williams,2011-11-18,"2218 Cathy Turnpike Apt. 306
South Angelabury, DE 28379", 54.2, UjmykT
913,Melissa Jones,2003-05-12,"39811 Kim Greens Suite 126
Nicholasview, ND 10669", 62.8, S77oqT
914,Joseph Ruiz,1997-09-02,"38541 Smith Mall
Joneston, OR 12724", 51.0, biUCl5
915,Nicholas Fernandez,2017-03-21,"4180 Silva Trace
Josephport, NY 00930", 65.3, 0tkjLM
916,Stefanie Murray,1996-11-17,"54807 Rachel Manors Apt. 691
Smithberg, MT 59103", 69.1, CYTyRl
917,Patricia Norris,1993-03-19,"796 Marissa Drives
West Tony, AZ 86300", 67.7, 3OiwTr
918,Mitchell Jimenez,2018-08-06,"2922 Morgan Junction Apt. 476
West Patrickburgh, MT 63623", 63.2, w5g9fm
919,Miranda Simpson,2000-07-18,"937 Smith Drives Suite 926
Gonzalezhaven, MD 79099", 64.6, 74bdyQ
920,Kathleen Glenn,2007-08-19,"42171 Shane Parkway Suite 449
West Mollyton, NH 76172", 61.0, F8zFPh
921,Sarah Yates,1970-09-11,"5160 Davis Rue Suite 441
East Monica, AR 90159", 66.6, ogQ7gl
922,Amanda Wood,1975-09-14,"4168 Virginia Hills Suite 893
New Ashleyville, MO 24464", 75.8, w63x4F
923,Daniel Dunn,2003-09-03,"039 Perry Mountains Apt. 352
Keymouth, NM 98980", 61.9, BwgeK1
924,Susan Rivera,1996-09-20,"5686 Willie Lock Apt. 703
Blackburnland, AK 87057", 51.6, hCVgHZ
925,Chase Bell,1981-06-01,"02632 Singleton Square
New Monica, RI 61229", 80.9, Ru5io7
926,Adrian Marsh,2017-06-09,"4144 Pope Creek Suite 487
Ortizbury, AK 46093", 56.7, trxveH
927,Caitlyn Jones,1970-02-19,"74430 Grant Underpass
Angelstad, WA 33335", 71.4, W84axc
928,Debra Lewis,1989-10-19,"23609 Olson Circles Apt. 844
Wilcoxtown, AZ 97244", 68.5, Q3XXfm
929,Julia Ramirez,2001-03-24,"58109 Rocha Prairie
Bonnietown, OH 22020", 60.4, LAcxHc
930,Craig Hardin,1995-10-31,"650 Aguilar Lane
Michaelhaven, RI 47698", 59.2, 74bdyQ
931,Brian Cooper,1983-02-24,"8040 Charles Parks
New Anthony, GA 30939", 58.3, F8zFPh
932,David Salas,1998-06-26,"770 Selena Row
Martinfort, ME 19576", 63.7, I2mcAk
933,Marcus Gibson,2014-12-19,"9501 Amanda Well Apt. 479
Port Kimberlyfort, NC 38412", 61.7, lOxcLg
934,Frank Smith,2018-09-12,"713 Shea Forges
Lake Kelseyhaven, NE 27612", 60.3, fgft04
935,Cindy Carter,1980-12-26,"857 Robinson Stravenue
Lake Stephen, TX 68490", 56.1, fDQmdG
936,Rodney Garrett,1995-11-20,"3123 Scott Locks Apt. 561
New Shawnmouth, CA 53676", 80.1, H4kMnO
937,John Jackson,1985-03-13,"0470 Alison Junction Apt. 420
West Charlesmouth, IA 56560", 53.2, Q3XXfm
938,Eduardo Smith,1997-04-07,"91248 Garcia Mills
West Matthewberg, UT 85710", 60.7, V1QUg1
939,Hannah French,2020-07-06,"3549 Nash Loop Apt. 422
Victoriaport, FL 60731", 65.1, EO5LDb
940,Pamela Palmer,2009-12-02,"7222 Stacey Road Apt. 337
Reyeschester, LA 83697", 59.7, IQ1uDW
941,Christina Harper,2021-03-19,"1998 Valdez Coves Apt. 345
East Brittanybury, WI 74797", 59.8, pCuxU4
942,Jaime Wells,2014-09-15,"87937 Savage Springs Suite 213
Lake Kyle, CA 62028", 53.2, LoAgyI
943,Eric House,1978-11-19,"5443 Katelyn Coves
Bradfordstad, NE 73791", 63.0, EO5LDb
944,Matthew Clayton,2001-08-04,"616 Bernard Meadows Suite 870
Owensport, AZ 59260", 79.6, w1SvXk
945,Larry Osborn,2006-12-04,"1828 Leonard Plains Suite 885
Joyceport, IA 47352", 59.5, RO6DyO
946,Tyler Santana,2015-04-21,"2677 Sara Common Apt. 531
Jessicafort, RI 78113", 65.5, fmJaVY
947,Jenna Edwards,2013-05-19,"6756 Deanna Squares
North Ryan, TN 65992", 73.8, ycgP1l
948,Joseph Lucas,1998-05-17,"6332 Watson Brooks Apt. 229
Port Edward, VA 01202", 73.1, riir8r
949,Jesus Gibson,1984-08-22,"45011 Washington Streets
Lawsonhaven, NV 81193", 68.4, f3gYza
950,Frederick Wood,1988-06-30,"8113 Turner Plain
Brianmouth, ID 46971", 47.9, AX1CVE
951,James Miller,1979-11-07,"893 Stephen Greens Suite 567
New Kristin, KY 34053", 34.2, KdtstA
952,Christina Patel,1984-10-31,"PSC 0218, Box 4328
APO AA 47162", 63.0, s3NLvy
953,John Jones,1994-09-26,"90484 Ebony Loop Apt. 395
Port Lanceport, ND 34492", 62.6, O0zZFT
954,Randy Barnett,1975-06-03,"31673 Rodriguez Estate Suite 929
Kristinachester, KS 52880", 64.2, D9HCPH
955,Elizabeth Hood,2006-07-21,"2829 Perry Mountains
East Lisahaven, NC 53113", 75.9, 0V4PBo
956,Mary Cox,2011-11-29,"657 Eric Bridge
South Henry, LA 08767", 55.1, kUk2nR
957,Joe Rivera,2006-10-19,"56877 Cindy Squares
Perrychester, GA 32118", 72.6, biUCl5
958,Kim Quinn,1981-05-30,"064 Forbes Lane Suite 774
Vincentstad, NH 49142", 65.6, RPDpSQ
959,Wyatt Hawkins,1991-10-31,"69301 Kimberly Field Apt. 222
Kimtown, TX 79092", 71.0, D9HCPH
960,Joan Castro,1975-06-04,"70943 Paul Crescent Suite 891
Taylorview, MT 50868", 65.7, HYyLfN
961,Hector Cantu,2004-09-14,"868 Maxwell Drive
Hunterport, WY 69707", 59.4, 4Y1OfL
962,Jesse Shields,1997-09-07,"903 Hernandez Lock Apt. 143
East Emily, DE 90010", 76.4, CCJNmf
963,Mark Adams,2009-09-04,"3573 Antonio Neck Apt. 924
Lake Stephanietown, GA 32481", 54.2, Ru5io7
964,Jennifer Irwin,2015-07-06,"9354 Gabriela Stravenue
Charlesbury, NE 37604", 63.8, OOusMw
965,Kyle Hernandez,2014-07-04,"163 Brown Stream Apt. 298
Lewisside, IA 61034", 53.3, 0V4PBo
966,Kelsey Larson,1989-12-17,"9310 Zoe Unions Suite 687
South Bryan, MI 71553", 77.9, TJETNP
967,Amanda Rowe,2014-04-01,"2035 Adrienne Alley
Brownfort, GA 45351", 61.7, ycgP1l
968,Justin Wright,1974-11-09,"6786 Klein Trail
Jeffreyshire, DC 55578", 61.0, S77oqT
969,Linda Payne,1991-05-13,"2894 Nelson Green
Johnsonville, DE 86677", 61.3, vRpqIZ
970,Brandon Martin MD,1985-06-30,"3643 Orr Shore Apt. 681
Port Anthonyview, GA 26218", 67.9, O0zZFT
971,James Schmidt,1989-05-22,"272 Kevin Garden
Dominguezburgh, LA 70629", 68.4, dS3sLL
972,John Smith,1980-02-12,"9455 Martin Crescent
Macdonaldtown, NV 05115", 64.5, EO5LDb
973,Darrell Romero,1983-03-07,"7628 Dennis Knolls
East Edward, HI 53207", 74.5, s3NLvy
974,Barbara Gonzalez,1990-04-27,"5665 Carpenter Motorway
Charlesburgh, TN 26098", 69.6, f3gYza
975,Tina Cohen,2017-07-04,"360 Austin Terrace
New Adamland, IL 76344", 44.4, Jf5ftL
976,Jacob Robinson,2013-11-05,"666 Vasquez Forest Apt. 645
Reidfurt, AR 11206", 74.8, HYyLfN
977,Teresa Wise,1999-03-18,"6620 Ross Mall Suite 228
Briggsville, PA 93323", 66.0, BwgeK1
978,Mark Sanchez,1997-06-21,"900 Bruce Lakes
Stacyhaven, WI 32825", 60.1, K5W6uN
979,Patrick Nelson,2016-04-25,"98214 Larry Bridge Suite 001
Robertstown, SC 30223", 57.7, w1SvXk
980,Bianca Kirk,1994-07-29,"4910 Gentry Lights Apt. 787
Kristyborough, TN 07614", 45.6, w63x4F
981,Bruce Reed,2004-09-19,"1014 Le Lodge Apt. 523
West Joanneside, AL 15932", 63.2, f3gYza
982,Tyler Sanchez,2013-02-16,"31836 Yolanda Center Suite 940
Jordanfurt, UT 81809", 71.8, OkrsJQ
983,Jason Thornton,1985-05-03,"18455 Karen Falls
West Justinshire, MA 26952", 58.5, Y61Il8
984,Mark Rivera,2013-02-22,"360 West Valley Suite 408
East Raymond, WY 89888", 79.0, LAcxHc
985,Theresa Cox,1972-11-12,"Unit 2516 Box 5036
DPO AE 64028", 71.9, vRpqIZ
986,Kimberly Hernandez,1988-05-13,"811 Garza Falls
Wrightland, AK 01208", 57.7, Ru5io7
987,Robin Khan,2017-09-20,"70329 Ortiz Causeway Apt. 185
Lake Traceyport, DC 59962", 56.5, EKIymu
988,Donald Romero,2011-02-28,"53682 Hines Turnpike Suite 949
Stacymouth, IL 85044", 73.6, KdtstA
989,Eugene Flores,1976-06-16,"1489 Adrienne Mountains
Hickston, UT 56817", 62.8, w63x4F
990,Lisa Hamilton,1999-06-21,"43517 Laura Cape
Barrettmouth, WA 99357", 67.4, LoAgyI
991,Louis Jones,1981-12-17,"456 Jennifer Terrace
Lake Deborahmouth, OK 76395", 68.3, 3OiwTr
992,Oscar Sherman,1981-01-22,"34704 Hartman Junction
East Kellyland, MA 11982", 48.0, S77oqT
993,Steven Carlson,1993-01-19,"9378 Rogers Route
Williamston, IN 40358", 63.6, CYTyRl
994,Jennifer Miller,1993-12-20,"5599 Veronica Creek
Lisamouth, OH 31805", 67.3, IQ1uDW
995,Melissa Yoder,1975-03-05,"2464 Russell Hill
West Kevinburgh, AZ 91272", 55.0, CCJNmf
996,Alison Williams,1988-07-05,"563 Sara Inlet
East Laura, MO 76726", 74.6, riir8r
997,Craig Wilson,2010-12-15,"254 James Flat Suite 612
Howardfurt, OR 01944", 61.7, BwgeK1
998,Yesenia Simpson,2003-11-29,"78006 Berry Alley
Lake Luisstad, NJ 58770", 64.8, S77oqT
999,Paula Schaefer,2001-08-21,"3393 Burnett Skyway
South Benjamin, MA 10120", 65.1, w63x4F
